0x575a969b,24.63,11,360,101.85,568
0x575a969d,25.19,10,399,101.96,563
0x575a969e,24.88,10,357,101.88,568
0x575a969f,24.94,10,363,101.90,563
0x575a96a1,25.00,10,443,101.90,564
0x575a96a3,25.06,10,537,101.92,564
0x575a96a4,25.13,10,396,101.93,564
0x575a96a6,25.25,10,447,101.96,567
0x575a96a8,24.75,10,399,101.85,563
0x575a96a9,24.88,11,378,101.87,564
0x575a96ab,25.06,11,394,101.92,566
0x575a96ac,25.06,10,429,101.91,564
0x575a96ad,24.88,11,362,101.87,564
0x575a96af,25.06,11,651,101.91,561
0x575a96b1,24.81,11,353,101.85,563
0x575a96b2,25.19,10,368,101.93,562
0x575a96b4,24.94,10,364,101.88,562
0x575a96b6,24.63,10,355,101.81,559
0x575a96b8,25.38,11,394,101.97,563
0x575a96b9,24.88,10,357,101.86,565
0x575a96bb,25.19,10,358,101.93,561
0x575a96bd,24.75,10,357,101.83,561
0x575a96be,24.81,10,488,101.85,558
0x575a96bf,24.94,10,360,101.87,561
0x575a96c1,25.06,11,382,101.89,561
0x575a96c2,25.06,10,400,101.89,562
0x575a96c4,24.94,10,365,101.87,560
0x575a96c6,25.00,11,504,101.88,561
0x575a96c6,25.06,9,498,101.89,563
0x575a96c8,25.00,9,466,101.88,561
0x575a96ca,25.00,9,369,101.87,562
0x575a96cc,25.06,10,405,101.89,56
0x575a96cd,25.06,10,351,101.89,557
0x575a96cf,25.19,9,366,101.92,559
0x575a96d1,25.06,10,360,101.89,56
0x575a96d2,24.75,9,371,101.83,559
0x575a96d4,25.06,10,362,101.88,55
0x575a96d5,24.94,9,366,101.86,557
0x575a96d6,25.19,11,544,101.91,55
0x575a96d8,25.06,10,479,101.88,561
0x575a96da,25.00,10,471,101.87,560
0x575a96da,24.94,10,464,101.87,557
0x575a96dc,24.75,9,452,101.81,560
0x575a96de,25.00,10,475,101.87,55
0x575a96e0,25.19,10,506,101.90,560
0x575a96e1,24.88,10,532,101.85,561
0x575a96e3,24.75,9,361,101.82,556
0x575a96e5,25.06,10,484,101.88,55
0x575a96e6,24.94,10,537,101.86,557
0x575a96e8,25.06,10,361,101.88,559
0x575a96ea,25.06,10,503,101.88,555
0x575a96ec,24.94,9,529,101.86,559
0x575a96ed,24.94,9,477,101.86,559
0x575a96ef,25.13,9,540,101.90,559
0x575a96f0,25.19,10,460,101.91,55
0x575a96f0,25.25,9,431,101.91,554
0x575a96f1,25.06,10,533,101.86,55
0x575a96f3,25.13,10,415,101.88,555
0x575a96f4,25.19,10,380,101.90,558
0x575a96f5,25.06,10,360,101.88,557
0x575a96f6,25.13,10,423,101.88,558
0x575a96f7,25.25,11,379,101.90,560
0x575a96f9,25.13,10,406,101.89,555
0x575a96fa,25.06,11,362,101.88,557
0x575a96fb,25.13,9,373,101.88,553
0x575a96fd,25.19,10,360,101.89,55
0x575a96ff,25.19,10,385,101.89,557
0x575a9700,25.31,10,391,101.92,555
0x575a9702,25.13,9,374,101.87,554
0x575a9704,25.25,11,427,101.91,55
0x575a9706,25.19,10,361,101.89,554
0x575a9707,25.25,10,381,101.90,555
0x575a9709,25.19,10,362,101.88,554
0x575a970b,25.13,9,358,101.88,557
0x575a970c,25.25,9,361,101.90,558
0x575a970d,25.13,10,364,101.88,55
0x575a970f,25.25,10,356,101.90,556
0x575a9710,25.19,10,355,101.88,552
0x575a9712,25.19,10,385,101.88,553
0x575a9714,25.38,10,359,101.93,557
0x575a9716,25.19,9,374,101.88,555
0x575a9716,25.38,10,368,101.91,55
0x575a9718,25.13,11,384,101.87,559
0x575a971a,25.13,10,375,101.86,557
0x575a971b,25.19,9,360,101.88,542
0x575a971c,25.13,10,400,101.87,55
0x575a971e,25.19,10,512,101.87,553
0x575a971f,25.25,10,358,101.89,555
0x575a9721,25.25,10,423,101.89,553
0x575a9722,25.19,10,384,101.88,553
0x575a9723,25.25,10,410,101.88,552
0x575a9725,25.38,10,362,101.91,555
0x575a9726,25.31,10,388,101.90,554
0x575a9726,25.31,10,361,101.89,551
0x575a9728,25.31,10,361,101.89,551
0x575a9729,25.31,10,360,101.89,551
0x575a972b,25.38,10,358,101.90,549
0x575a972c,25.19,10,362,101.87,552
0x575a972e,25.25,10,361,101.89,549
0x575a972f,25.31,10,358,101.90,548
0x575a9730,25.38,10,362,101.90,554
0x575a9732,25.38,9,357,101.90,549
0x575a9734,25.38,10,368,101.90,55
0x575a9735,25.38,10,357,101.90,550
0x575a9737,25.31,10,359,101.88,549
0x575a9739,25.25,9,379,101.88,551
0x575a973a,25.38,10,376,101.90,55
0x575a973b,25.31,10,362,101.88,552
0x575a973d,25.38,11,388,101.89,551
0x575a973e,25.31,11,483,101.88,548
0x575a9740,25.31,10,515,101.88,548
0x575a9742,25.38,9,429,101.89,551
0x575a9743,25.38,10,363,101.89,55
0x575a9744,25.38,9,386,101.89,550
0x575a9746,25.31,10,361,101.88,55
0x575a9747,25.31,9,368,101.88,548
0x575a9748,25.38,10,359,101.89,54
0x575a974a,25.31,10,377,101.88,550
0x575a974c,25.38,11,543,101.89,546
0x575a974d,25.38,10,368,101.89,548
0x575a974f,25.38,9,520,101.89,547
0x575a9750,25.31,10,441,101.89,54
0x575a9750,25.38,9,363,101.88,550
0x575a9752,25.50,10,381,101.91,54
0x575a9754,25.38,10,357,101.90,549
0x575a9756,25.38,10,384,101.89,548
0x575a9757,25.38,10,535,101.89,550
0x575a9759,25.31,10,380,101.88,548
0x575a975b,25.38,10,414,101.90,546
0x575a975c,25.31,9,394,101.89,546
0x575a975e,25.38,10,365,101.89,54
0x575a9760,25.38,10,402,101.89,547
0x575a9761,25.31,10,531,101.88,547
0x575a9763,25.25,10,369,101.87,545
0x575a9765,25.38,10,419,101.89,545
0x575a9767,25.38,10,486,101.89,550
0x575a9768,25.38,9,401,101.89,545
0x575a976a,25.38,11,539,101.89,54
0x575a976c,25.44,10,429,101.90,544
0x575a976d,25.31,10,361,101.88,547
0x575a976f,25.38,10,368,101.88,548
0x575a9771,25.38,10,359,101.89,545
0x575a9772,25.38,14,368,101.89,546
0x575a9774,25.44,9,378,101.90,548
0x575a9776,25.38,10,417,101.89,54
0x575a9778,25.38,11,430,101.89,543
0x575a9779,25.44,10,361,101.90,548
0x575a977b,25.38,10,361,101.89,548
0x575a977d,25.44,10,371,101.90,546
0x575a977e,25.31,11,531,101.87,542
0x575a9780,25.44,10,397,101.90,545
0x575a9781,25.44,10,502,101.90,546
0x575a9782,25.44,10,528,101.89,545
0x575a9783,25.25,10,480,101.86,544
0x575a9785,25.38,9,465,101.88,544
0x575a9785,25.38,10,498,101.89,54
0x575a9787,25.44,10,541,101.89,504
0x575a9788,25.44,10,375,101.90,544
0x575a978a,25.50,10,482,101.90,545
0x575a978b,25.38,10,530,101.89,547
0x575a978d,25.38,10,517,101.89,546
0x575a978f,25.44,9,409,101.90,544
0x575a9790,25.50,10,407,101.92,54
0x575a9791,25.44,11,362,101.90,546
0x575a9793,25.44,11,365,101.90,546
0x575a9793,25.44,10,381,101.90,545
0x575a9795,25.50,10,360,101.90,543
0x575a9797,25.44,10,360,101.89,544
0x575a9797,25.38,10,365,101.89,544
0x575a9798,25.56,9,362,101.92,547
0x575a979a,25.44,10,357,101.89,54
0x575a979a,25.44,10,356,101.90,546
0x575a979c,25.44,9,361,101.90,548
0x575a979d,25.44,10,358,101.89,54
0x575a979f,25.50,10,358,101.91,547
0x575a979f,25.50,10,355,101.91,544
0x575a97a1,25.44,10,362,101.89,543
0x575a97a3,25.44,9,355,101.89,543
0x575a97a4,25.50,10,361,101.90,54
0x575a97a6,25.44,10,358,101.90,547
0x575a97a7,25.44,11,357,101.89,546
0x575a97a8,25.44,10,435,101.88,545
0x575a97aa,25.44,10,512,101.90,548
0x575a97ac,25.38,11,365,101.89,545
0x575a97ad,25.44,10,364,101.90,545
0x575a97af,25.50,10,441,101.90,547
0x575a97b0,25.31,11,400,101.87,543
0x575a97b1,25.44,10,511,101.89,544
0x575a97b1,25.44,10,498,101.89,545
0x575a97b3,25.50,10,533,101.90,544
0x575a97b5,25.50,7,412,101.91,544
0x575a97b6,25.44,10,365,101.89,54
0x575a97b8,25.38,10,530,101.89,545
0x575a97ba,25.44,10,422,101.89,542
0x575a97ba,25.31,10,447,101.87,544
0x575a97bc,25.50,10,553,101.90,546
0x575a97bd,25.38,10,470,101.88,542
0x575a97be,25.38,10,434,101.88,545
0x575a97c0,25.31,8,386,101.87,544
0x575a97c2,25.38,10,524,101.89,54
0x575a97c4,25.44,9,425,101.90,543
0x575a97c5,25.44,9,464,101.89,547
0x575a97c7,25.44,11,385,101.89,54
0x575a97c9,25.38,10,369,101.88,542
0x575a97ca,25.44,10,405,101.89,544
0x575a97cc,25.50,10,371,101.89,544
0x575a97ce,25.44,10,531,101.89,541
0x575a97cf,25.44,10,568,101.89,543
0x575a97d1,25.44,10,460,101.89,543
0x575a97d3,25.63,10,462,101.92,543
0x575a97d4,25.44,11,370,101.89,541
0x575a97d5,25.31,11,363,101.87,542
0x575a97d7,25.44,10,400,101.89,540
0x575a97d8,25.38,10,410,101.88,541
0x575a97d9,25.50,11,539,101.90,542
0x575a97db,25.50,11,359,101.90,542
0x575a97dd,25.44,10,361,101.89,542
0x575a97dd,25.44,10,563,101.90,543
0x575a97de,25.50,10,375,101.89,543
0x575a97e0,25.50,9,373,101.89,545
0x575a97e1,25.50,11,438,101.90,54
0x575a97e2,25.44,10,395,101.89,545
0x575a97e3,25.50,10,474,101.90,545
0x575a97e4,25.56,10,362,101.90,545
0x575a97e5,25.50,9,361,101.90,543
0x575a97e7,25.56,10,362,101.91,54
0x575a97e8,25.50,10,360,101.90,543
0x575a97ea,25.50,10,356,101.90,541
0x575a97ec,25.50,10,355,101.89,542
0x575a97ed,25.50,14,364,101.89,544
0x575a97ef,25.56,9,360,101.90,539
0x575a97f1,25.56,10,369,101.90,54
0x575a97f3,25.50,9,384,101.90,541
0x575a97f4,25.50,10,363,101.90,54
0x575a97f5,25.44,11,366,101.89,543
0x575a97f7,25.56,10,360,101.89,541
0x575a97f8,25.56,10,372,101.90,540
0x575a97fa,25.56,10,363,101.89,541
0x575a97fc,25.56,9,366,101.90,543
0x575a97fd,25.56,10,369,101.90,53
0x575a97ff,25.50,10,371,101.89,541
0x575a9800,25.69,10,360,101.91,537
0x575a9802,25.56,10,358,101.88,538
0x575a9802,25.63,10,374,101.90,543
0x575a9803,25.63,9,387,101.89,542
0x575a9805,25.63,10,361,101.90,54
0x575a9806,25.56,10,459,101.89,542
0x575a9808,25.63,10,465,101.90,538
0x575a980a,25.63,10,505,101.90,542
0x575a980c,25.63,9,461,101.90,542
0x575a980d,25.56,10,463,101.89,54
0x575a980f,25.63,10,584,101.90,541
0x575a9811,25.63,10,522,101.89,536
0x575a9812,25.56,11,499,101.89,539
0x575a9814,25.56,10,532,101.89,539
0x575a9816,25.63,10,477,101.89,539
0x575a9817,25.56,11,495,101.89,536
0x575a9819,25.56,10,467,101.89,540
0x575a981b,25.63,10,453,101.90,539
0x575a981d,25.56,10,531,101.89,541
0x575a981e,25.69,11,490,101.91,538
0x575a9820,25.63,10,535,101.90,538
0x575a9821,25.63,9,541,101.90,541
0x575a9822,25.69,10,378,101.90,54
0x575a9824,25.69,10,378,101.90,541
0x575a9826,25.63,10,376,101.90,539
0x575a9827,25.63,10,364,101.90,539
0x575a9829,25.69,9,386,101.90,537
0x575a982a,25.69,9,364,101.90,538
0x575a982b,25.69,9,400,101.91,539
0x575a982d,25.69,9,363,101.91,537
0x575a982f,25.69,9,359,101.90,536
0x575a9830,25.69,10,362,101.90,54
0x575a9831,25.69,10,361,101.90,539
0x575a9833,25.69,11,362,101.90,535
0x575a9834,25.69,10,363,101.90,538
0x575a9834,25.69,10,531,101.90,538
0x575a9836,25.75,9,472,101.91,540
0x575a9838,25.69,10,368,101.90,53
0x575a9838,25.69,10,428,101.90,537
0x575a9839,25.75,9,446,101.91,539
0x575a983b,25.69,10,514,101.90,53
0x575a983c,25.69,10,544,101.90,536
0x575a983e,25.63,10,492,101.89,538
0x575a9840,25.69,10,533,101.91,539
0x575a9842,25.63,10,528,101.89,541
0x575a9843,25.69,10,462,101.90,537
0x575a9845,25.69,10,461,101.90,537
0x575a9847,25.69,10,464,101.90,537
0x575a9848,25.69,9,497,101.90,537
0x575a984a,25.69,10,349,101.90,53
0x575a984c,25.69,10,361,101.90,536
0x575a984d,25.69,10,448,101.90,536
0x575a984e,25.69,10,468,101.91,537
0x575a9850,25.75,9,429,101.90,537
0x575a9852,25.69,10,543,101.90,53
0x575a9853,25.75,10,426,101.91,537
0x575a9855,25.69,10,419,101.90,537
0x575a9856,25.69,10,483,101.90,539
0x575a9857,25.75,9,362,101.90,537
0x575a9858,25.75,11,379,101.90,53
0x575a985a,25.75,10,402,101.91,536
0x575a985b,25.75,9,536,101.90,537
0x575a985c,25.69,10,468,101.89,53
0x575a985e,25.75,11,529,101.90,535
0x575a985e,25.75,9,520,101.90,534
0x575a9860,25.75,10,536,101.90,53
0x575a9862,25.75,9,446,101.91,538
0x575a9863,25.75,11,537,101.91,53
0x575a9865,25.75,9,442,101.90,540
0x575a9867,25.75,10,368,101.90,53
0x575a9869,25.75,10,466,101.90,540
0x575a986a,25.75,9,463,101.90,537
0x575a986c,25.75,10,503,101.91,54
0x575a986e,25.75,10,480,101.91,535
0x575a986f,25.75,10,457,101.90,539
0x575a9871,25.69,10,384,101.89,536
0x575a9873,25.75,10,419,101.90,537
0x575a9874,25.69,10,498,101.90,535
0x575a9876,25.75,9,483,101.91,536
0x575a9878,25.75,9,531,101.90,537
0x575a987a,25.75,9,503,101.90,536
0x575a987a,25.75,11,547,101.91,53
0x575a987c,25.81,11,455,101.91,535
0x575a987d,25.75,10,430,101.90,490
0x575a987e,25.81,10,378,101.91,535
0x575a9880,25.81,11,487,101.91,533
0x575a9882,25.75,9,516,101.90,536
0x575a9883,25.75,9,481,101.90,536
0x575a9885,25.75,10,381,101.90,53
0x575a9887,25.75,10,360,101.90,532
0x575a9889,25.81,10,357,101.91,536
0x575a988a,25.75,10,361,101.90,534
0x575a988c,25.75,11,506,101.90,537
0x575a988e,25.69,10,455,101.89,532
0x575a988f,25.81,10,540,101.91,533
0x575a9890,25.75,10,467,101.90,534
0x575a9892,25.81,10,479,101.91,536
0x575a9892,25.69,9,447,101.89,535
0x575a9894,25.81,9,542,101.91,536
0x575a9896,25.75,9,361,101.90,537
0x575a9897,25.75,9,359,101.90,534
0x575a9899,25.75,10,360,101.89,53
0x575a989a,25.75,11,367,101.90,536
0x575a989c,25.81,11,365,101.91,536
0x575a989d,25.81,10,367,101.90,504
0x575a989e,25.75,9,360,101.90,535
0x575a989f,25.81,11,362,101.91,53
0x575a98a0,25.81,9,367,101.91,537
0x575a98a2,25.81,9,366,101.90,532
0x575a98a3,25.81,10,397,101.90,53
0x575a98a4,25.81,11,365,101.91,534
0x575a98a6,25.75,10,362,101.90,531
0x575a98a8,25.81,9,353,101.90,536
0x575a98a9,25.75,9,369,101.90,538
0x575a98ab,25.81,9,361,101.90,531
0x575a98ad,25.69,9,363,101.88,533
0x575a98ad,26.00,9,365,101.94,534
0x575a98af,25.81,10,410,101.90,53
0x575a98b0,25.75,10,358,101.89,532
0x575a98b1,25.88,11,363,101.91,533
0x575a98b3,25.75,9,356,101.89,537
0x575a98b6,25.88,10,509,101.92,53
0x575a98b6,25.75,10,421,101.89,532
0x575a98b8,25.88,10,505,101.91,537
0x575a98ba,25.88,10,439,101.91,533
0x575a98bc,25.88,9,508,101.92,533
0x575a98bd,25.81,10,477,101.90,53
0x575a98bf,25.81,11,456,101.90,530
0x575a98c1,25.81,10,517,101.91,530
0x575a98c2,25.81,10,388,101.90,535
0x575a98c4,25.81,11,551,101.91,532
0x575a98c6,25.81,10,359,101.90,534
0x575a98c7,25.88,9,389,101.91,534
0x575a98c8,25.81,9,498,101.90,536
0x575a98ca,25.88,10,470,101.91,53
0x575a98cc,25.88,11,507,101.91,532
0x575a98cc,25.81,9,527,101.90,535
0x575a98ce,25.88,10,389,101.90,53
0x575a98d0,25.88,10,427,101.90,530
0x575a98d1,25.88,10,535,101.91,530
0x575a98d3,25.88,10,450,101.90,529
0x575a98d5,25.94,10,442,101.91,533
0x575a98d6,25.88,10,358,101.90,533
0x575a98d7,25.75,10,543,101.88,532
0x575a98d9,25.88,9,392,101.90,531
0x575a98da,25.88,10,531,101.90,53
0x575a98db,25.88,10,470,101.91,530
0x575a98dc,25.88,10,526,101.90,532
0x575a98dc,25.88,10,490,101.90,535
0x575a98de,25.94,10,447,101.90,532
0x575a98e0,25.94,10,428,101.91,533
0x575a98e2,25.88,7,490,101.90,534
0x575a98e3,25.88,10,534,101.90,53
0x575a98e5,25.88,9,441,101.90,532
0x575a98e7,25.88,10,393,101.90,52
0x575a98e8,25.81,10,456,101.89,534
0x575a98ea,25.88,10,455,101.91,531
0x575a98ec,25.88,10,436,101.90,530
0x575a98ed,25.88,10,512,101.90,534
0x575a98ef,25.88,10,455,101.91,533
0x575a98f1,25.88,10,391,101.90,530
0x575a98f3,25.88,10,523,101.91,529
0x575a98f4,25.81,10,400,101.90,532
0x575a98f6,25.81,9,381,101.90,534
0x575a98f8,25.88,10,367,101.90,53
0x575a98f8,25.94,9,365,101.92,531
0x575a98fa,25.94,10,451,101.91,52
0x575a98fc,25.88,10,416,101.91,531
0x575aa18d,25.88,9,370,101.90,528
0x575aa18f,26.69,10,355,101.92,52
0x575aa191,26.75,8,373,101.93,524
0x575aa192,26.69,9,370,101.92,524
0x575aa193,26.69,10,356,101.92,52
0x575aa195,26.75,10,360,101.93,524
0x575aa195,26.69,9,363,101.92,525
0x575aa197,26.75,9,356,101.93,526
0x575aa199,26.75,8,358,101.93,527
0x575aa19b,26.69,9,398,101.92,522
0x575aa19c,26.75,9,359,101.93,528
0x575aa19e,26.69,10,363,101.92,52
0x575aa1a0,26.75,9,378,101.93,526
0x575aa1a1,26.75,9,539,101.93,526
0x575aa1a3,26.69,10,508,101.92,52
0x575aa1a5,26.75,9,359,101.93,527
0x575aa1a6,26.75,9,360,101.93,522
0x575aa1a6,26.75,9,361,101.93,523
0x575aa1a7,26.75,9,474,101.92,526
0x575aa1a8,26.81,8,532,101.93,523
0x575aa1a9,26.75,9,394,101.92,524
0x575aa1ab,26.69,9,375,101.92,523
0x575aa1ad,26.75,9,430,101.93,522
0x575aa1ae,26.75,9,423,101.93,523
0x575aa1b0,26.75,9,506,101.94,522
0x575aa1b2,26.63,9,375,101.91,525
0x575aa1b3,26.69,8,417,101.93,522
0x575aa1b5,26.69,9,362,101.93,525
0x575aa1b7,26.56,9,448,101.91,524
0x575aa1b9,26.63,9,376,101.92,523
0x575aa1ba,26.69,9,539,101.92,528
0x575aa1bc,26.69,9,511,101.93,522
0x575aa1be,26.69,10,467,101.93,52
0x575aa1bf,26.56,9,402,101.91,528
0x575aa1c0,26.56,9,432,101.92,545
0x575aa1c1,26.69,9,509,101.93,528
0x575aa1c2,26.69,9,471,101.93,526
0x575aa1c4,26.69,10,524,101.93,52
0x575aa1c5,26.56,9,525,101.91,524
0x575aa1c7,26.63,10,485,101.91,52
0x575aa1c8,26.69,10,532,101.93,527
0x575aa1c9,26.69,9,377,101.93,525
0x575aa1cb,26.69,9,447,101.92,526
0x575aa1cc,26.63,10,468,101.92,52
0x575aa1ce,26.63,9,527,101.92,524
0x575aa1d0,26.69,9,497,101.94,525
0x575aa1d1,26.63,9,523,101.92,524
0x575aa1d3,26.75,8,448,101.94,528
0x575aa1d5,26.69,9,520,101.93,525
0x575aa1d6,26.69,9,412,101.93,524
0x575aa1d8,26.63,9,527,101.92,527
0x575aa1da,26.69,9,496,101.93,526
0x575aa1dc,26.69,9,454,101.93,523
0x575aa1dd,26.69,8,491,101.93,525
0x575aa1df,26.75,9,535,101.94,523
0x575aa1e1,26.63,8,505,101.92,524
0x575aa1e2,26.63,9,531,101.92,525
0x575aa1e4,26.75,9,422,101.94,527
0x575aa1e6,26.63,9,361,101.92,528
0x575aa1e7,26.69,10,362,101.93,52
0x575aa1e9,26.63,9,388,101.92,520
0x575aa1eb,26.63,9,376,101.93,522
0x575aa1ed,26.63,10,388,101.93,52
0x575aa1ee,26.63,10,533,101.93,521
0x575aa1f0,26.56,10,377,101.92,524
0x575aa1f2,26.56,9,515,101.93,523
0x575aa1f2,26.63,8,520,101.94,519
0x575aa1f4,26.50,9,524,101.91,521
0x575aa1f6,26.50,9,527,101.91,518
0x575aa1f7,26.56,10,478,101.93,52
0x575aa1f9,26.56,9,524,101.93,519
0x575aa1fb,26.50,9,489,101.92,524
0x575aa1fb,26.50,9,427,101.93,522
0x575aa1fd,26.63,10,488,101.94,52
0x575aa1ff,26.50,9,534,101.92,524
0x575aa200,26.81,9,478,101.99,523
0x575aa202,26.44,9,536,101.91,523
0x575aa203,26.19,9,531,101.86,524
0x575aa204,26.50,8,533,101.92,522
0x575aa205,26.56,9,501,101.93,522
0x575aa206,26.50,9,476,101.92,524
0x575aa208,26.38,10,463,101.89,52
0x575aa208,26.50,9,533,101.92,522
0x575aa20a,26.44,9,388,101.91,521
0x575aa20c,26.50,9,417,101.92,521
0x575aa20d,26.44,9,369,101.92,524
0x575aa20f,26.44,9,381,101.91,522
0x575aa211,26.63,9,372,101.95,523
0x575aa212,26.50,9,372,101.93,525
0x575aa214,26.50,9,547,101.92,521
0x575aa216,26.56,9,442,101.93,523
0x575aa218,26.69,9,487,101.97,525
0x575aa218,26.50,9,375,101.92,524
0x575aa21a,26.44,9,375,101.91,521
0x575aa21c,26.44,9,450,101.92,520
0x575aa21c,26.44,9,368,101.92,525
0x575aa21e,26.50,9,367,101.93,522
0x575aa21f,26.56,9,379,101.95,522
0x575aa220,26.38,10,354,101.90,52
0x575aa222,26.63,9,370,101.96,521
0x575aa224,26.44,8,364,101.92,524
0x575aa225,26.81,8,391,102.00,521
0x575aa227,26.38,9,357,101.91,523
0x575aa228,26.44,9,365,101.92,520
0x575aa228,26.63,9,517,101.95,519
0x575aa22a,26.44,9,396,101.92,523
0x575aa22c,26.44,9,374,101.93,520
0x575aa22e,26.44,10,376,101.93,52
0x575aa22f,26.38,9,393,101.92,520
0x575aa231,26.38,9,361,101.91,521
0x575aa233,26.31,10,361,101.91,52
0x575aa234,26.56,9,365,101.96,521
0x575aa236,26.50,9,403,101.94,519
0x575aa238,26.38,9,378,101.91,525
0x575aa239,26.44,9,376,101.93,522
0x575aa23b,26.13,9,436,101.86,524
0x575aa23c,26.44,9,428,101.93,524
0x575aa23d,26.44,9,367,101.93,527
0x575aa23e,26.31,9,384,101.92,521
0x575aa240,26.25,9,367,101.90,525
0x575aa241,26.38,10,362,101.93,52
0x575aa241,26.56,9,410,101.96,522
0x575aa243,26.50,9,358,101.95,523
0x575aa245,26.38,9,362,101.94,524
0x575aa246,26.38,8,446,101.93,523
0x575aa248,26.38,9,519,101.94,528
0x575aa249,26.38,9,401,101.94,524
0x575aa24a,26.38,9,471,101.92,524
0x575aa24c,26.44,8,428,101.95,528
0x575aa24d,26.44,9,541,101.95,526
0x575aa24e,26.44,9,383,101.95,527
0x575aa250,26.44,10,393,101.94,52
0x575aa252,26.38,10,550,101.94,526
0x575aa253,26.38,9,480,101.95,527
0x575aa254,26.25,9,426,101.91,522
0x575aa255,26.63,9,461,101.99,527
0x575aa257,26.13,9,537,101.88,525
0x575aa258,26.63,9,373,101.99,525
0x575aa25a,26.63,9,448,101.99,530
0x575aa25c,26.75,9,502,102.01,525
0x575aa25d,26.19,10,628,101.90,52
0x575aa25f,26.38,9,421,101.94,525
0x575aa261,26.63,9,529,101.98,529
0x575aa263,26.19,9,368,101.90,526
0x575aa264,26.31,8,424,101.92,526
0x575aa266,26.38,9,357,101.94,524
0x575aa268,26.44,8,434,101.96,525
0x575aa269,26.38,9,425,101.94,523
0x575aa26b,26.25,9,442,101.92,524
0x575aa26c,26.38,10,497,101.94,52
0x575aa26d,26.19,9,491,101.91,525
0x575aa26f,26.13,9,403,101.89,525
0x575aa271,26.25,10,364,101.92,52
0x575aa273,26.19,9,399,101.91,528
0x575aa274,26.38,9,391,101.95,528
0x575aa276,26.25,10,374,101.92,52
0x575aa278,26.13,9,366,101.90,528
0x575aa279,26.19,9,427,101.91,526
0x575aa27b,26.06,10,458,101.89,52
0x575aa27d,26.38,9,477,101.96,528
0x575aa27e,26.19,9,529,101.92,528
0x575aa280,26.13,9,391,101.90,529
0x575aa282,26.25,9,405,101.93,531
0x575aa282,26.13,9,533,101.90,530
0x575aa284,26.19,10,419,101.92,52
0x575aa285,26.25,9,369,101.94,531
0x575aa287,26.25,9,406,101.94,527
0x575aa288,26.38,9,461,101.96,526
0x575aa28a,26.19,10,363,101.92,52
0x575aa28c,26.19,9,480,101.93,527
0x575aa28d,26.31,9,444,101.96,530
0x575aa28f,26.38,10,480,101.96,52
0x575aa291,26.19,10,514,101.92,529
0x575aa291,26.19,9,488,101.93,528
0x575aa293,26.25,10,470,101.94,52
0x575aa294,26.19,9,456,101.93,529
0x575aa295,26.25,9,384,101.93,527
0x575aa297,26.25,10,434,101.94,55
0x575aa299,26.25,9,410,101.95,529
0x575aa29b,26.00,8,501,101.89,531
0x575aa29c,26.38,9,407,101.96,529
0x575aa29e,26.13,9,449,101.92,530
0x575aa2a0,26.13,9,410,101.92,527
0x575aa2a1,26.31,10,494,101.95,52
0x575aa2a3,26.06,10,452,101.90,527
0x575aa2a5,26.13,9,395,101.91,530
0x575aa2a6,26.31,9,379,101.95,529
0x575aa2a8,26.13,10,467,101.92,52
0x575aa2aa,26.13,9,443,101.91,524
0x575aa2ab,26.06,9,520,101.91,530
0x575aa2ac,26.06,9,475,101.90,530
0x575aa2ae,26.06,9,433,101.90,526
0x575aa2af,26.25,9,439,101.93,527
0x575aa2b0,26.25,9,437,101.94,528
0x575aa2b2,26.06,10,529,101.91,52
0x575aa2b4,26.69,9,379,102.03,525
0x575aa2b5,26.19,9,409,101.92,528
0x575aa2b6,26.06,9,422,101.90,524
0x575aa2b8,26.25,9,376,101.94,524
0x575aa2b9,26.50,10,400,101.99,52
0x575aa2bb,26.06,10,502,101.90,528
0x575aa2bc,25.94,9,475,101.88,529
0x575aa2bd,26.31,9,520,101.95,526
0x575aa2bf,26.00,9,405,101.89,530
0x575aa2c1,26.25,9,380,101.94,525
0x575aa2c3,26.19,10,436,101.94,53
0x575aa2c4,26.31,10,457,101.96,527
0x575aa2c6,26.19,9,376,101.93,526
0x575aa2c8,26.25,9,374,101.95,530
0x575aa2c9,26.25,10,452,101.95,52
0x575aa2cb,26.13,9,573,101.92,528
0x575aa2cd,26.13,9,373,101.92,530
0x575aa30a,26.44,9,365,101.97,5
0x575aa30c,26.13,9,363,101.90,526
0x575aa30e,26.44,9,359,101.97,525
0x575aa310,26.25,9,356,101.92,524
0x575aa311,26.31,9,360,101.93,524
0x575aa313,26.44,10,373,101.96,52
0x575aa314,26.44,10,386,101.96,524
0x575aa315,26.38,10,366,101.94,527
0x575aa4e0,27.25,13,456,102.06,488
0x575aa4e2,26.81,13,425,102.08,516
0x575aa4e4,26.81,12,536,102.08,514
0x575aa4e4,26.81,13,373,102.08,518
0x575aa4e6,26.88,13,371,102.09,517
0x575aa4e8,26.81,13,418,102.08,518
0x575aa4e9,26.88,13,403,102.08,516
0x575aa4eb,26.88,13,414,102.08,516
0x575aa4ed,26.88,13,454,102.08,515
0x575aa4ee,26.88,13,438,102.08,516
0x575aa4f0,26.88,12,363,102.09,515
0x575aa4f2,26.88,12,472,102.08,516
0x575aa4f3,26.88,13,495,102.08,517
0x575aa4f5,26.88,13,495,102.08,517
0x575aa4f7,26.88,13,498,102.08,519
0x575aa4f9,26.88,13,402,102.08,517
0x575aa4f9,26.94,13,465,102.09,515
0x575aa4fb,26.94,13,403,102.09,516
0x575aa4fd,26.88,13,401,102.08,519
0x575aa4fe,26.88,13,501,102.08,519
0x575aa4ff,26.88,12,503,102.08,516
0x575aa501,26.88,13,573,102.08,515
0x575aa502,26.88,13,518,102.08,519
0x575aa503,26.88,13,518,102.09,517
0x575aa505,26.88,13,547,102.08,517
0x575aa506,26.88,13,416,102.08,517
0x575aa507,26.81,13,382,102.08,518
0x575aa508,26.88,13,485,102.09,518
0x575aa50a,26.88,13,403,102.08,516
0x575aa50b,26.88,13,498,102.09,519
0x575aa50d,26.88,12,420,102.09,519
0x575aa50f,26.81,13,430,102.09,515
0x575aa510,26.81,12,466,102.08,520
0x575aa512,26.81,12,424,102.09,517
0x575aa514,26.81,12,496,102.08,520
0x575aa514,26.81,13,605,102.08,515
0x575aa516,26.81,12,438,102.09,518
0x575aa518,26.81,13,481,102.09,516
0x575aa519,26.75,12,518,102.08,517
0x575aa51b,26.75,13,490,102.08,520
0x575aa51d,26.75,13,402,102.08,517
0x575aa51f,26.75,13,523,102.08,520
0x575aa520,26.75,13,505,102.09,517
0x575aa522,26.75,13,493,102.08,519
0x575aa524,26.69,13,522,102.08,518
0x575aa525,26.69,12,521,102.08,517
0x575aa527,26.69,12,509,102.08,520
0x575aa529,26.69,12,364,102.08,520
0x575aa52a,26.69,12,520,102.08,519
0x575aa52c,26.69,12,492,102.08,520
0x575aa52e,26.69,12,477,102.08,518
0x575aa52f,26.69,12,396,102.08,520
0x575aa530,26.69,12,482,102.08,520
0x575aa532,26.69,12,392,102.08,519
0x575aa534,26.69,12,488,102.08,518
0x575aa535,26.69,12,460,102.08,515
0x575aa537,26.69,12,377,102.08,518
0x575aa539,26.69,12,462,102.08,516
0x575aa53a,26.69,12,440,102.08,517
0x575aa53c,26.69,12,455,102.08,519
0x575aa53d,26.69,12,512,102.08,515
0x575aa53e,26.69,12,460,102.09,517
0x575aa53e,26.69,12,424,102.08,521
0x575aa53f,26.69,12,431,102.08,515
0x575aa540,26.75,12,422,102.09,519
0x575aa541,26.69,12,400,102.08,518
0x575aa543,26.69,12,523,102.08,515
0x575aa545,26.69,13,516,102.08,517
0x575aa546,26.63,12,480,102.08,517
0x575aa547,26.63,12,490,102.08,516
0x575aa549,26.69,12,508,102.09,518
0x575aa54a,26.63,12,435,102.08,549
0x575aa54c,26.63,13,518,102.08,520
0x575aa54e,26.63,13,517,102.08,518
0x575aa550,26.63,12,418,102.08,517
0x575aa550,26.63,12,487,102.08,520
0x575aa552,26.69,13,498,102.08,517
0x575aa554,26.63,13,522,102.09,519
0x575aa554,26.63,13,529,102.08,524
0x575aa556,26.63,13,445,102.08,518
0x575aa558,26.56,13,419,102.07,521
0x575aa559,26.56,13,405,102.08,522
0x575aa55b,26.56,13,479,102.08,520
0x575aa55d,26.56,13,563,102.08,520
0x575aa55e,26.56,13,552,102.08,522
0x575aa560,26.56,13,486,102.08,518
0x575aa561,26.56,11,450,102.08,518
0x575aa563,26.56,13,457,102.09,520
0x575aa564,26.50,12,403,102.08,519
0x575aa566,26.50,12,510,102.08,520
0x575aa568,26.50,13,484,102.08,522
0x575aa569,26.50,13,523,102.08,526
0x575aa56b,26.50,13,396,102.08,519
0x575aa56d,26.50,13,399,102.08,521
0x575aa56e,26.50,12,407,102.08,518
0x575aa570,26.50,12,522,102.08,519
0x575aa572,26.50,12,444,102.08,521
0x575aa574,26.50,13,432,102.08,521
0x575aa575,26.50,13,451,102.08,524
0x575aa577,26.50,13,449,102.08,520
0x575aa579,26.50,12,494,102.08,520
0x575aa57a,26.50,12,451,102.08,518
0x575aa57c,26.56,13,541,102.09,520
0x575aa57e,26.50,12,505,102.08,522
0x575aa57f,26.50,12,373,102.08,522
0x575aa581,26.56,12,521,102.08,519
0x575aa583,26.50,12,393,102.08,522
0x575aa585,26.50,12,500,102.08,517
0x575aa586,26.56,12,582,102.08,520
0x575aa588,26.56,12,512,102.08,521
0x575aa58a,26.56,12,378,102.08,519
0x575aa58b,26.63,12,365,102.09,520
0x575aa58c,26.63,12,396,102.08,517
0x575aa58e,26.63,12,414,102.08,521
0x575aa58f,26.63,12,522,102.08,517
0x575aa591,26.63,12,532,102.08,518
0x575aa594,26.63,12,518,102.08,521
0x575aa596,26.63,12,457,102.09,519
0x575aa598,26.63,12,473,102.08,517
0x575aa599,26.69,12,496,102.09,516
0x575aa59a,26.69,12,458,102.08,517
0x575aa59c,26.69,12,509,102.09,517
0x575aa59d,26.69,12,483,102.09,518
0x575aa59f,26.69,14,528,102.09,518
0x575aa5a1,26.69,12,524,102.09,516
0x575aa5a1,26.69,12,528,102.08,510
0x575aa5a3,26.75,12,461,102.09,519
0x575aa5a5,26.69,11,447,102.08,516
0x575aa5a7,26.75,12,365,102.08,518
0x575aa5a8,26.75,12,444,102.09,518
0x575aa5aa,26.69,12,376,102.08,515
0x575aa5ab,26.75,12,500,102.08,518
0x575aa5ac,26.81,12,389,102.09,518
0x575aa5ae,26.75,12,492,102.08,524
0x575aa5b0,26.75,12,421,102.09,517
0x575aa5b1,26.81,12,508,102.08,519
0x575aa5b2,26.75,12,420,102.08,518
0x575aa5b4,26.81,12,511,102.08,516
0x575aa5b5,26.81,12,403,102.09,517
0x575aa5b7,26.81,13,484,102.09,519
0x575aa5b9,26.81,12,497,102.09,522
0x575aa5ba,26.81,12,523,102.09,518
0x575aa5bb,26.88,12,519,102.09,559
0x575aa5bd,26.81,12,420,102.09,518
0x575aa5bf,26.81,12,534,102.08,516
0x575aa5c0,26.88,12,511,102.09,557
0x575aa5c2,26.88,12,515,102.09,515
0x575aa5c4,26.88,12,575,102.09,515
0x575aa5c5,26.88,12,535,102.09,516
0x575aa5c7,26.88,12,542,102.09,516
0x575aa5c9,26.94,15,474,102.09,518
0x575aa5cb,26.88,13,469,102.09,518
0x575aa5cc,26.88,12,517,102.08,514
0x575aa5ce,26.88,12,497,102.08,518
0x575aa5d0,26.94,12,423,102.09,519
0x575aa5d2,26.94,12,424,102.08,519
0x575aa5d3,26.94,12,512,102.09,515
0x575aa5d5,26.94,12,502,102.09,517
0x575aa5d7,26.94,12,537,102.08,518
0x575aa5d8,26.94,12,622,102.09,514
0x575aa5da,27.00,12,471,102.09,517
0x575aa5dc,26.94,12,548,102.09,513
0x575aa5dc,27.00,12,374,102.09,514
0x575aa5de,27.00,12,484,102.09,516
0x575aa5df,27.00,15,546,102.09,515
0x575aa5e0,27.00,12,438,102.09,515
0x575aa5e1,27.00,12,429,102.09,517
0x575aa5e3,27.00,13,532,102.09,517
0x575aa5e5,27.00,13,547,102.09,517
0x575aa5e6,27.00,12,549,102.08,517
0x575aa5e7,27.00,12,453,102.08,518
0x575aa5e9,27.06,12,439,102.09,517
0x575aa5eb,27.00,12,509,102.08,515
0x575aa5ec,27.00,12,499,102.09,517
0x575aa5ee,26.94,12,512,102.08,518
0x575aa5f0,26.94,12,445,102.08,518
0x575aa5f2,26.94,12,462,102.09,516
0x575aa5f3,26.94,12,423,102.08,515
0x575aa5f4,26.88,13,445,102.08,517
0x575aa5f6,26.94,13,488,102.08,516
0x575aa5f6,26.94,14,504,102.09,517
0x575aa5f8,26.94,12,505,102.08,521
0x575aa5fa,26.94,12,438,102.08,517
0x575aa5fb,26.94,13,519,102.09,518
0x575aa5fd,26.94,12,515,102.09,518
0x575aa5ff,26.94,13,527,102.09,518
0x575aa5ff,26.88,13,534,102.08,520
0x575aa601,26.94,12,472,102.09,517
0x575aa603,26.94,12,491,102.08,515
0x575aa605,26.88,12,540,102.08,519
0x575aa606,26.88,13,462,102.09,516
0x575aa608,26.94,13,514,102.09,517
0x575aa60a,26.88,11,523,102.08,519
0x575aa60b,26.88,13,524,102.09,517
0x575aa60d,26.94,12,475,102.09,516
0x575aa60f,26.88,12,458,102.09,517
0x575aa611,26.88,13,498,102.08,516
0x575aa612,26.88,13,502,102.09,515
0x575aa613,26.88,13,469,102.08,516
0x575aa615,26.88,15,525,102.09,514
0x575aa616,26.88,24,446,102.08,519
0x575aa618,26.88,13,523,102.08,518
0x575aa61a,26.88,13,506,102.09,519
0x575aa61a,26.88,13,502,102.09,514
0x575aa61c,26.88,13,411,102.08,516
0x575aa61e,26.88,13,529,102.08,518
0x575aa61f,26.88,12,466,102.08,519
0x575aa621,26.88,13,406,102.09,520
0x575aa623,26.88,14,428,102.09,517
0x575aa625,26.88,13,455,102.09,518
0x575aa625,26.81,12,492,102.08,519
0x575aa627,26.88,13,519,102.08,519
0x575aa629,26.81,13,517,102.08,516
0x575aa62a,26.81,12,517,102.08,517
0x575aa62b,26.81,11,387,102.08,519
0x575aa62d,26.88,13,412,102.09,520
0x575aa62e,26.88,11,542,102.08,516
0x575aa630,26.88,15,400,102.09,515
0x575aa632,26.81,13,537,102.08,516
0x575aa634,26.88,13,522,102.09,518
0x575aa635,26.88,13,420,102.09,516
0x575aa637,26.81,12,423,102.08,519
0x575aa638,26.81,13,514,102.08,515
0x575aa638,26.88,12,558,102.09,517
0x575aa63a,26.88,13,416,102.09,516
0x575aa63b,26.88,13,520,102.08,517
0x575aa63c,26.88,13,538,102.09,515
0x575aa63e,26.81,13,433,102.08,520
0x575aa640,26.88,12,546,102.08,517
0x575aa640,26.88,12,537,102.09,518
0x575aa642,26.94,15,398,102.09,545
0x575aa644,26.88,13,468,102.08,518
0x575aa645,26.88,12,531,102.08,519
0x575aa646,26.88,12,640,102.08,517
0x575aa649,26.94,13,406,102.09,518
0x575aa64a,26.88,13,531,102.08,516
0x575aa64c,26.88,13,521,102.08,515
0x575aa64e,26.88,9,384,102.08,517
0x575aa64f,26.88,14,477,102.08,51
0x575aa651,26.88,14,493,102.08,513
0x575aa653,26.88,13,490,102.08,515
0x575aa655,26.88,14,489,102.09,516
0x575aa656,26.88,14,492,102.09,508
0x575aa658,26.88,13,414,102.08,518
0x575aa65a,26.88,13,503,102.09,519
0x575aa65b,26.81,13,461,102.08,518
0x575aa65c,26.81,12,506,102.08,516
0x575aa65e,26.88,13,457,102.08,517
0x575aa65e,26.81,13,499,102.09,517
0x575aa660,26.81,26,423,102.08,519
0x575aa662,26.81,15,427,102.08,515
0x575aa663,26.81,12,499,102.08,517
0x575aa665,26.81,14,546,102.08,520
0x575aa666,26.81,12,535,102.08,516
0x575aa668,26.81,13,513,102.08,515
0x575aa669,26.81,13,521,102.08,517
0x575aa66a,26.75,14,509,102.08,515
0x575aa66c,26.81,13,523,102.09,517
0x575aa66d,26.75,13,432,102.08,515
0x575aa66f,26.81,13,496,102.08,521
0x575aa671,26.81,13,541,102.09,517
0x575aa672,26.81,13,409,102.08,520
0x575aa674,26.81,13,510,102.08,516
0x575aa676,26.75,13,422,102.08,517
0x575aa678,26.81,7,459,102.08,522
0x575aa679,26.81,11,524,102.08,51
0x575aa67b,26.81,13,425,102.08,519
0x575aa67d,26.81,14,473,102.08,517
0x575aa67e,26.81,13,504,102.09,520
0x575aa67f,26.81,13,483,102.08,521
0x575aa681,26.88,13,514,102.09,520
0x575aa682,26.81,14,446,102.08,518
0x575aa684,26.81,13,424,102.08,516
0x575aa686,26.88,13,460,102.08,515
0x575aa688,26.88,13,514,102.08,517
0x575aa689,26.81,13,496,102.08,514
0x575aa68a,26.81,12,516,102.09,520
0x575aa68c,26.81,14,494,102.08,519
0x575aa68c,26.81,13,514,102.08,520
0x575aa68e,26.88,13,538,102.09,517
0x575aa690,26.81,13,490,102.08,523
0x575aa691,26.81,13,413,102.08,518
0x575aa693,26.75,13,421,102.07,514
0x575aa695,26.81,14,518,102.08,522
0x575aa696,26.81,15,420,102.08,517
0x575aa697,26.81,12,494,102.08,522
0x575aa699,26.88,12,489,102.09,518
0x575aa69b,26.81,13,515,102.09,516
0x575aa69c,26.75,11,466,102.08,520
0x575aa69e,26.81,15,378,102.09,521
0x575aa6a0,26.81,13,462,102.09,514
0x575aa6a1,26.75,13,501,102.08,519
0x575aa6a3,26.75,14,521,102.08,518
0x575aa6a4,26.75,13,539,102.08,517
0x575aa6a5,26.81,13,483,102.09,517
0x575aa6a7,26.75,13,467,102.08,522
0x575aa6a9,26.75,13,492,102.09,521
0x575aa6ab,26.75,13,516,102.08,517
0x575aa6ac,26.69,13,515,102.08,520
0x575aa6ae,26.75,13,394,102.08,518
0x575aa6b0,26.75,16,519,102.08,520
0x575aa6b1,26.75,13,481,102.08,518
0x575aa6b2,26.69,11,533,102.08,522
0x575aa6b4,26.81,13,470,102.09,517
0x575aa6b5,26.75,14,420,102.08,522
0x575aa6b7,26.75,14,482,102.08,518
0x575aa6b9,26.75,13,510,102.09,523
0x575aa6bb,26.75,14,499,102.08,515
0x575aa6bc,26.69,13,386,102.08,524
0x575aa6be,26.75,13,406,102.09,524
0x575aa6c0,26.69,14,398,102.08,519
0x575aa6c1,26.69,13,384,102.08,524
0x575aa6c3,26.75,13,465,102.08,522
0x575aa6c5,26.75,14,513,102.09,522
0x575aa6c5,26.75,13,440,102.08,515
0x575aa6c7,26.75,13,417,102.09,517
0x575aa6c9,26.69,13,433,102.08,521
0x575aa6cb,26.75,13,522,102.08,520
0x575aa6cc,26.69,17,522,102.08,515
0x575aa6ce,26.75,12,401,102.09,520
0x575aa6d0,26.69,14,497,102.08,515
0x575aa6d1,26.75,13,464,102.09,519
0x575aa6d3,26.69,13,436,102.08,524
0x575aa6d5,26.69,13,424,102.08,518
0x575aa6d6,26.69,13,520,102.09,522
0x575aa6d8,26.69,15,478,102.08,520
0x575aa6d9,26.69,13,508,102.09,520
0x575aa6db,26.75,12,428,102.08,521
0x575aa6dc,26.69,13,497,102.08,522
0x575aa6de,26.63,12,445,102.08,526
0x575aa6e0,26.69,13,482,102.08,518
0x575aa6e1,26.63,13,403,102.08,521
0x575aa6e3,26.69,13,420,102.08,520
0x575aa6e4,26.63,13,525,102.08,518
0x575aa6e5,26.69,13,502,102.09,515
0x575aa6e7,26.63,13,434,102.08,522
0x575aa6e9,26.69,13,381,102.09,521
0x575aa6ea,26.69,12,482,102.08,518
0x575aa6ec,26.69,14,425,102.09,521
0x575aa6ee,26.69,13,517,102.08,522
0x575aa6f0,26.69,13,519,102.08,522
0x575aa6f0,26.63,13,469,102.08,520
0x575aa6f2,26.75,13,516,102.09,521
0x575aa6f4,26.69,12,482,102.09,519
0x575aa6f5,26.69,14,549,102.08,521
0x575aa6f7,26.69,12,500,102.08,519
0x575aa6f9,26.69,12,508,102.08,519
0x575aa6fa,26.69,13,518,102.08,521
0x575aa6fd,26.69,13,509,102.08,519
0x575aa6ff,26.69,13,516,102.08,521
0x575aa700,26.69,13,505,102.08,519
0x575aa702,26.69,13,408,102.08,519
0x575aa704,26.75,13,549,102.09,523
0x575aa706,26.75,13,518,102.09,520
0x575aa707,26.75,13,478,102.08,517
0x575aa709,26.69,13,464,102.08,519
0x575aa70b,26.75,14,534,102.08,522
0x575aa70c,26.75,13,489,102.09,521
0x575aa70e,26.75,12,416,102.08,521
0x575aa710,26.69,15,494,102.08,520
0x575aa711,26.69,14,527,102.08,519
0x575aa713,26.75,13,468,102.08,519
0x575aa715,26.75,13,416,102.08,523
0x575aa716,26.75,12,495,102.08,522
0x575aa717,26.75,13,411,102.09,520
0x575aa719,26.75,13,517,102.08,517
0x575aa71b,26.75,13,400,102.08,524
0x575aa71c,26.75,12,558,102.08,517
0x575aa71e,26.75,24,413,102.08,519
0x575aa720,26.75,11,403,102.08,517
0x575aa721,26.75,11,554,102.08,521
0x575aa723,26.75,13,469,102.08,518
0x575aa725,26.75,13,557,102.08,516
0x575aa727,26.75,13,384,102.09,517
0x575aa728,26.75,13,530,102.08,522
0x575aa729,26.75,12,527,102.08,519
0x575aa72b,26.81,21,488,102.09,520
0x575aa72c,26.75,11,452,102.09,517
0x575aa72e,26.75,11,511,102.08,516
0x575aa72f,26.81,11,409,102.09,518
0x575aa730,26.81,12,582,102.09,520
0x575aa732,26.75,12,531,102.08,522
0x575aa734,26.75,12,487,102.08,519
0x575aa736,26.75,12,411,102.08,517
0x575aa736,26.75,12,542,102.08,522
0x575aa738,26.75,12,383,102.09,520
0x575aa73a,26.75,11,494,102.08,522
0x575aa73b,26.69,11,383,102.08,522
0x575aa73d,26.69,12,433,102.08,519
0x575aa73f,26.69,12,469,102.08,516
0x575aa73f,26.63,12,473,102.08,520
0x575aa741,26.69,12,520,102.08,519
0x575aa743,26.63,12,487,102.08,520
0x575aa744,26.63,12,488,102.08,519
0x575aa746,26.63,12,464,102.08,523
0x575aa748,26.63,12,532,102.08,521
0x575aa749,26.63,12,396,102.08,523
0x575aa74b,26.63,13,472,102.08,521
0x575aa74d,26.69,11,518,102.09,522
0x575aa74f,26.63,11,434,102.08,526
0x575aa74f,26.63,15,557,102.08,526
0x575aa751,26.69,11,494,102.08,524
0x575aa753,26.63,11,455,102.08,516
0x575aa754,26.63,12,458,102.08,522
0x575aa756,26.69,11,504,102.08,520
0x575aa758,26.69,11,572,102.08,524
0x575aa75a,26.69,13,425,102.08,519
0x575aa75b,26.69,12,438,102.08,551
0x575aa75d,26.69,11,462,102.08,517
0x575aa75f,26.75,12,504,102.08,523
0x575aa75f,26.75,12,500,102.08,525
0x575aa761,26.75,12,491,102.08,521
0x575aa763,26.75,12,403,102.08,518
0x575aa764,26.75,12,522,102.09,521
0x575aa765,26.75,12,518,102.08,522
0x575aa767,26.75,12,528,102.08,518
0x575aa768,26.75,11,497,102.08,520
0x575aa76a,26.75,12,440,102.08,522
0x575aa76c,26.75,11,509,102.08,521
0x575aa76e,26.75,12,434,102.08,519
0x575aa76f,26.81,11,529,102.08,514
0x575aa770,26.81,12,455,102.08,518
0x575aa772,26.81,11,496,102.08,516
0x575aa773,26.81,12,497,102.08,515
0x575aa775,26.81,12,414,102.08,534
0x575aa777,26.81,12,451,102.08,519
0x575aa778,26.81,12,520,102.08,518
0x575aa77a,26.81,11,508,102.08,518
0x575aa77c,26.81,12,481,102.08,523
0x575aa77d,26.81,12,496,102.08,519
0x575aa77f,26.81,12,494,102.08,522
0x575aa781,26.81,12,518,102.08,520
0x575aa783,26.88,12,507,102.09,518
0x575aa784,26.81,12,404,102.09,522
0x575aa786,26.81,14,514,102.08,522
0x575aa788,26.81,13,361,102.08,520
0x575aa789,26.81,13,441,102.08,516
0x575aa78b,26.81,13,520,102.09,521
0x575aa78c,26.81,13,479,102.08,516
0x575aa78c,26.81,13,449,102.08,521
0x575aa78e,26.88,13,522,102.08,521
0x575aa790,26.81,13,523,102.08,519
0x575aa790,26.81,13,422,102.08,519
0x575aa792,26.88,11,397,102.09,523
0x575aa794,26.81,12,440,102.08,518
0x575aa795,26.88,13,487,102.08,519
0x575aa796,26.88,13,415,102.08,522
0x575aa797,26.81,13,420,102.08,521
0x575aa799,26.88,13,392,102.08,519
0x575aa79a,26.88,14,487,102.08,522
0x575aa79c,26.88,12,445,102.08,520
0x575aa79e,26.88,13,479,102.08,524
0x575aa7a0,26.88,11,410,102.09,522
0x575aa7a1,26.88,12,519,102.08,515
0x575aa7a3,26.88,12,425,102.09,522
0x575aa7a5,26.88,12,413,102.08,524
0x575aa7a6,26.88,12,509,102.08,518
0x575aa7a8,26.88,12,505,102.08,519
0x575aa7aa,26.81,12,486,102.08,517
0x575aa7aa,26.81,11,493,102.08,518
0x575aa7ac,26.88,12,533,102.09,518
0x575aa7ae,26.81,12,469,102.08,521
0x575aa7af,26.81,12,449,102.08,518
0x575aa7b1,26.81,12,456,102.08,520
0x575aa7b3,26.81,12,470,102.08,519
0x575aa7b4,26.81,16,443,102.08,521
0x575aa7b5,26.81,8,364,102.08,521
0x575aa7b7,26.81,12,513,102.08,51
0x575aa7b9,26.75,12,526,102.08,519
0x575aa7b9,26.75,12,559,102.08,517
0x575aa7bb,26.75,13,405,102.08,521
0x575aa7bd,26.75,12,498,102.08,517
0x575aa7bf,26.75,8,464,102.08,518
0x575aa7c0,26.69,12,516,102.08,51
0x575aa7c2,26.75,13,351,102.08,520
0x575aa7c3,26.75,12,482,102.08,516
0x575aa7c4,26.75,13,407,102.09,518
0x575b990b,19.88,31,358,102.24,4
0x575b990d,22.75,33,359,102.02,480
0x575b990f,22.81,33,359,102.02,480
0x575b990f,22.81,31,372,102.02,479
0x575b9910,22.88,31,366,102.03,483
0x575b9912,22.81,30,350,102.02,481
0x575b9912,22.81,32,349,102.02,482
0x575b9914,22.88,31,365,102.03,483
0x575b9915,22.88,30,390,102.02,482
0x575b9916,22.88,32,350,102.03,481
0x575b9917,22.81,30,391,102.02,478
0x575b9919,22.88,31,374,102.02,478
0x575b991a,22.81,32,355,102.02,476
0x575b991b,22.81,30,347,102.01,477
0x575b991d,22.88,32,387,102.02,478
0x575b991e,22.88,31,376,102.02,477
0x575b9920,22.88,32,354,102.02,480
0x575b9922,22.88,30,377,102.02,478
0x575b9922,22.88,31,354,102.02,475
0x575b9923,22.94,31,404,102.03,478
0x575b9924,22.94,31,356,102.03,477
0x575b9925,22.94,30,359,102.02,476
0x575b9927,22.88,28,360,102.02,478
0x575b9928,22.88,31,364,102.02,477
0x575b992a,22.94,27,366,102.02,480
0x575b992a,22.94,30,400,102.03,479
0x575b992b,23.00,30,389,102.03,478
0x575b992d,23.00,31,347,102.03,476
0x575b992d,22.94,31,349,102.02,480
0x575b992e,22.94,29,373,102.03,480
0x575b9930,22.94,29,382,102.02,480
0x575b9930,22.94,29,377,102.02,478
0x575b9931,22.94,29,379,102.03,479
0x575b9933,22.94,29,412,102.02,481
0x575b9934,22.94,30,358,102.02,479
0x575b9935,22.88,32,348,102.02,483
0x575b9937,22.94,33,349,102.02,479
0x575b9938,22.88,32,359,102.02,480
0x575b993a,22.88,30,380,102.02,478
0x575b993c,22.94,30,350,102.02,481
0x575b993e,22.94,31,356,102.02,480
0x575b993f,22.94,30,347,102.02,479
0x575b9cc2,19.06,79,451,102.25,6
0x575b9cc4,21.19,79,463,102.10,613
0x575b9cc6,21.19,92,457,102.10,617
0x575b9cc7,21.13,91,575,102.10,618
0x575b9cc9,21.13,82,467,102.10,616
0x575b9ccb,21.19,81,457,102.10,614
0x575b9d4e,21.25,87,602,102.10,620
0x575b9d50,21.31,80,507,102.11,622
0x575b9d51,21.31,79,589,102.11,621
0x575b9d53,21.25,76,605,102.10,622
0x575b9d55,21.25,86,599,102.10,618
0x575b9d57,21.19,80,609,102.09,620
0x575b9d59,21.31,88,521,102.11,619
0x575b9d5a,21.19,85,469,102.09,616
0x575b9d5d,21.25,93,441,102.10,620
0x575b9d61,21.25,92,542,102.09,618
0x575b9d63,21.19,92,407,102.10,622
0x575b9d64,21.13,81,432,102.08,620
0x575b9d66,21.19,89,409,102.10,619
0x575b9d68,21.13,93,411,102.09,624
0x575b9d6a,21.13,81,595,102.09,624
0x575b9d6b,21.13,81,629,102.10,622
0x575b9d6d,21.13,93,717,102.10,625
0x575b9d6f,21.06,80,426,102.09,622
0x575b9d72,21.06,90,396,102.09,625
0x575b9d73,21.06,94,504,102.09,624
0x575b9d76,21.13,90,481,102.10,623
0x575b9d78,21.06,79,581,102.09,625
0x575b9d79,21.13,86,494,102.09,623
0x575b9d7c,21.06,93,588,102.10,624
0x575b9d7e,21.06,92,526,102.10,626
0x575b9d7f,21.06,88,442,102.10,624
0x575b9d81,21.06,78,436,102.11,622
0x575b9d83,21.00,90,401,102.10,624
0x575b9d85,21.06,77,392,102.10,623
0x575b9d85,21.06,81,403,102.09,624
0x575b9d87,21.06,78,400,102.09,624
0x575b9d89,21.06,81,400,102.10,625
0x575b9d8a,21.00,75,392,102.09,625
0x575b9d8b,21.00,89,388,102.09,623
0x575b9d8d,21.06,78,393,102.10,625
0x575b9d8d,21.00,90,398,102.09,625
0x575b9d8f,21.06,79,397,102.09,626
0x575b9d91,21.00,87,391,102.10,629
0x575b9d93,21.00,91,391,102.10,623
0x575b9d94,20.94,80,391,102.08,627
0x575b9d96,20.94,91,403,102.09,623
0x575b9d98,20.94,79,397,102.08,624
0x575b9d9a,20.94,81,394,102.09,628
0x575b9d9b,21.00,79,389,102.10,627
0x575b9d9d,20.94,87,392,102.09,627
0x575b9d9f,20.94,92,389,102.09,625
0x575b9da0,20.94,93,391,102.09,629
0x575b9da2,21.00,91,390,102.10,627
0x575b9da4,21.00,87,398,102.10,659
0x575b9da5,21.00,79,394,102.10,626
0x575b9da7,21.00,82,393,102.10,626
0x575b9da9,20.94,87,394,102.09,630
0x575b9dab,21.00,91,396,102.10,629
0x575b9dad,20.94,90,396,102.09,627
0x575b9dae,20.88,82,391,102.08,626
0x575b9db0,20.88,77,389,102.07,625
0x575b9db2,21.00,88,392,102.10,626
0x575b9db3,20.94,86,388,102.08,626
0x575b9db5,20.94,84,396,102.09,625
0x575b9db7,21.00,87,394,102.09,627
0x575b9db9,20.94,90,393,102.09,625
0x575b9dba,20.94,86,390,102.09,632
0x575b9dbc,20.94,81,395,102.09,631
0x575b9dbe,20.94,78,392,102.09,627
0x575b9dc0,20.94,78,390,102.08,624
0x575b9dc1,21.06,85,395,102.10,626
0x575b9dc3,21.06,81,391,102.09,629
0x575b9dc5,21.00,78,392,102.08,627
0x575b9dc7,21.06,89,388,102.10,624
0x575b9dc9,21.06,86,392,102.10,625
0x575b9dc9,21.06,79,389,102.09,628
0x575b9dcb,21.06,85,389,102.09,625
0x575b9dcd,21.06,89,394,102.09,625
0x575b9dcf,21.00,78,392,102.08,629
0x575b9dd0,21.06,87,394,102.09,627
0x575b9dd2,21.06,91,398,102.09,629
0x575b9dd4,21.13,80,402,102.10,628
0x575b9dd6,21.06,77,399,102.08,629
0x575b9dd8,21.06,86,404,102.09,623
0x575b9dda,21.13,76,408,102.10,626
0x575b9ddc,21.06,88,405,102.09,625
0x575b9dde,21.19,73,399,102.10,592
0x575b9de0,21.13,82,400,102.09,626
0x575b9de1,21.13,73,401,102.09,627
0x575b9de4,21.13,80,397,102.09,630
0x575b9de6,21.13,86,400,102.10,626
0x575b9de8,21.13,72,402,102.10,631
0x575b9dea,21.13,85,405,102.09,627
0x575b9dec,21.19,83,406,102.10,626
0x575b9dee,21.19,73,435,102.10,628
0x575b9df1,21.13,81,406,102.10,628
0x575b9df3,21.19,81,404,102.10,627
0x575b9df5,21.13,83,403,102.09,629
0x575b9df7,21.13,77,413,102.09,624
0x575b9df9,21.13,74,399,102.09,626
0x575b9dfb,21.13,76,407,102.09,622
0x575b9dfd,21.13,73,404,102.09,628
0x575b9dff,21.13,85,401,102.09,628
0x575b9e01,21.19,79,402,102.10,627
0x575b9e03,21.19,72,406,102.10,621
0x575b9e05,21.13,74,404,102.09,627
0x575ba9e2,21.13,69,391,102.09,579
0x575ba9e3,21.81,72,393,102.17,582
0x575ba9e5,21.88,65,394,102.18,579
0x575ba9e7,21.88,62,389,102.18,580
0x575ba9e8,21.94,71,404,102.18,582
0x575ba9ea,21.88,66,396,102.17,576
0x575ba9ec,21.88,63,392,102.18,580
0x575ba9ee,21.88,68,393,102.17,581
0x575ba9ef,21.88,71,392,102.17,578
0x575ba9f1,21.94,74,390,102.18,582
0x575ba9f3,21.94,75,402,102.17,581
0x575ba9f4,21.94,74,396,102.17,579
0x575ba9f6,21.94,74,398,102.18,581
0x575ba9f8,21.94,72,397,102.17,578
0x575ba9f9,21.94,73,395,102.17,580
0x575ba9fa,21.94,71,397,102.17,580
0x575ba9fc,22.00,73,394,102.18,576
0x575ba9fe,21.94,62,390,102.17,581
0x575ba9ff,21.94,61,392,102.18,581
0x575baa01,21.94,62,396,102.17,580
0x575baa03,21.94,62,393,102.18,578
0x575baa03,22.00,75,393,102.18,576
0x575baa05,22.00,71,410,102.18,581
0x575baa06,22.00,67,399,102.17,582
0x575baa07,22.00,63,392,102.17,581
0x575baa09,22.00,74,396,102.17,578
0x575baa0a,21.94,68,397,102.17,608
0x575baa0b,22.00,63,394,102.17,582
0x575baa0d,22.00,72,393,102.16,582
0x575baa0e,22.00,74,396,102.17,582
0x575baa10,22.00,74,397,102.17,580
0x575baa11,21.94,73,390,102.16,581
0x575baa15,22.00,62,407,102.17,582
0x575baa16,22.00,62,398,102.17,583
0x575baa18,22.00,70,395,102.17,579
0x575baa1a,22.00,62,392,102.17,581
0x575baa1c,22.00,75,540,102.18,585
0x575baa1d,21.94,69,392,102.16,583
0x575baa1e,22.00,72,397,102.17,582
0x575baa1f,22.00,74,398,102.17,581
0x575baa20,22.00,70,400,102.16,581
0x575baa22,22.00,64,577,102.17,582
0x575baa24,21.94,74,407,102.16,581
0x575baa26,22.00,63,394,102.17,583
0x575baa28,21.88,62,396,102.15,583
0x575baa29,21.94,75,399,102.17,590
0x575baa2b,21.94,73,397,102.16,585
0x575baa2d,21.94,61,388,102.16,590
0x575baa2f,21.94,67,399,102.16,586
0x575baa31,21.94,64,408,102.17,587
0x575baa42,21.94,69,396,102.17,584
0x575baa44,21.88,67,392,102.17,587
0x575baa46,21.94,71,391,102.17,584
0x575baa48,21.94,67,389,102.17,583
0x575baa49,21.94,72,391,102.17,582
0x575baa4b,21.94,74,387,102.17,582
0x575baa4d,21.94,62,400,102.17,584
0x575baa4e,21.94,61,400,102.17,584
0x575baa50,21.94,73,389,102.18,580
0x575baa52,21.94,62,396,102.17,582
0x575baa54,21.94,73,398,102.17,583
0x575baa55,21.94,69,408,102.17,585
0x575baa57,21.94,71,393,102.17,586
0x575baa59,21.94,61,391,102.17,582
0x575baa5a,21.88,62,399,102.17,584
0x575baa5c,21.94,62,393,102.17,584
0x575baa5e,22.00,66,395,102.18,580
0x575baa60,21.94,71,426,102.17,581
0x575baa61,21.94,70,396,102.17,581
0x575baa62,22.00,71,399,102.18,582
0x575baa64,22.00,68,391,102.17,583
0x575baa65,21.94,62,392,102.17,582
0x575baa67,21.94,69,402,102.17,581
0x575baa69,21.94,61,397,102.17,581
0x575baa6a,21.94,72,419,102.18,583
0x575baa6c,21.94,68,398,102.17,579
0x575baa6e,21.94,69,397,102.17,584
0x575baa70,21.94,74,395,102.17,580
0x575baa71,21.94,72,423,102.17,581
0x575baa72,21.88,62,427,102.17,582
0x575baa74,21.94,61,400,102.18,580
0x575baa76,21.94,63,399,102.17,580
0x575baa77,21.94,68,394,102.17,585
0x575baa79,21.94,73,401,102.17,582
0x575baa7b,22.00,64,487,102.18,581
0x575baa7c,22.00,66,469,102.18,580
0x575baa7e,22.00,62,539,102.18,580
0x575baa80,22.00,67,405,102.18,580
0x575baa82,21.94,73,409,102.17,579
0x575baa83,21.94,65,424,102.17,581
0x575baa84,21.94,72,539,102.17,583
0x575baa86,21.94,72,559,102.16,593
0x575baa87,22.00,61,572,102.17,582
0x575baa89,22.00,66,413,102.17,582
0x575baa8b,22.00,68,449,102.17,583
0x575baa8d,22.00,63,509,102.16,585
0x575baa8e,22.00,70,546,102.17,582
0x575baa90,22.00,69,560,102.16,585
0x575baa91,22.00,72,571,102.17,586
0x575baa93,22.06,69,580,102.17,583
0x575baa94,22.00,72,566,102.17,582
0x575baa96,22.00,60,576,102.16,582
0x575baa98,22.00,68,555,102.16,584
0x575baa9a,22.00,73,579,102.16,590
0x575baa9b,22.00,72,579,102.17,583
0x575baa9d,22.00,65,565,102.17,586
0x575baa9f,22.00,70,578,102.17,585
0x575baaa0,22.00,69,580,102.17,578
0x575baaa2,22.00,61,551,102.17,583
0x575baaa4,22.00,69,588,102.16,581
0x575baaa6,22.00,60,600,102.17,580
0x575baaa7,21.94,68,548,102.16,583
0x575baaa9,21.94,70,568,102.16,581
0x575baaab,22.00,71,589,102.17,584
0x575baaad,21.94,70,605,102.16,580
0x575baaaf,22.00,70,558,102.17,581
0x575baab0,22.00,70,611,102.17,578
0x575baab2,22.00,66,596,102.17,581
0x575baab3,22.00,66,564,102.16,580
0x575baab5,22.00,68,580,102.16,579
0x575baab7,22.00,73,560,102.17,579
0x575baab8,22.00,60,564,102.17,581
0x575baaba,21.94,60,565,102.16,582
0x575baabc,21.88,72,526,102.16,582
0x575baabe,21.94,72,545,102.17,581
0x575baabf,21.88,67,526,102.16,586
0x575baac1,21.88,71,504,102.17,580
0x575baac3,21.81,71,544,102.17,581
0x575baac5,21.81,72,533,102.16,581
0x575baac6,21.75,65,512,102.16,582
0x575baac8,21.75,71,537,102.17,587
0x575baaca,21.75,71,516,102.17,585
0x575baacb,21.75,71,498,102.16,585
0x575baacc,21.81,69,526,102.17,585
0x575baace,21.75,66,502,102.17,585
0x575baad0,21.75,72,505,102.16,587
0x575baad1,21.75,71,480,102.17,582
0x575baad3,21.75,70,506,102.17,584
0x575baad5,21.75,70,504,102.17,584
0x575baad6,21.69,60,493,102.16,583
0x575baad8,21.75,60,486,102.17,585
0x575baada,21.69,70,488,102.16,586
0x575baadc,21.69,66,478,102.16,584
0x575baadd,21.69,67,493,102.17,587
0x575baadf,21.75,69,485,102.17,585
0x575baae1,21.69,70,487,102.16,584
0x575baae3,21.69,59,457,102.16,586
0x575baae3,21.75,66,469,102.17,588
0x575baae5,21.75,72,471,102.17,584
0x575baae7,21.75,68,505,102.17,586
0x575baae8,21.69,60,465,102.17,583
0x575baaec,21.69,72,484,102.17,585
0x575baaee,21.69,71,467,102.17,585
0x575baaef,21.69,72,511,102.16,587
0x575baaf1,21.69,69,492,102.16,582
0x575baaf3,21.69,59,504,102.17,582
0x575baaf5,21.69,60,476,102.17,582
0x575baaf7,21.69,65,466,102.17,584
0x575baaf9,21.69,71,437,102.17,582
0x575baafa,21.63,72,417,102.16,581
0x575baafc,21.69,72,419,102.17,582
0x575baafe,21.69,72,408,102.17,582
0x575baaff,21.63,69,407,102.17,584
0x575bab00,21.69,61,398,102.17,584
0x575bab02,21.63,64,394,102.16,588
0x575bab04,21.63,65,393,102.17,584
0x575bab06,21.63,72,394,102.16,585
0x575bab07,21.63,69,423,102.17,588
0x575bab09,21.63,68,441,102.17,588
0x575bab0b,21.63,71,391,102.18,582
0x575bab0d,21.63,72,411,102.17,587
0x575bab0d,21.63,72,391,102.17,589
0x575bab0f,21.63,66,390,102.17,583
0x575bab11,21.63,66,394,102.17,583
0x575bab12,21.63,61,395,102.17,587
0x575bab14,21.63,71,397,102.17,588
0x575bab16,21.63,64,394,102.17,578
0x575bab18,21.63,67,393,102.16,588
0x575bab19,21.63,60,419,102.17,584
0x575bab1b,21.63,72,400,102.16,584
0x575bab1d,21.69,59,444,102.18,586
0x575bab1f,21.63,67,418,102.17,583
0x575bab20,21.63,68,393,102.17,587
0x575bab22,21.69,62,399,102.17,589
0x575bab24,21.69,69,413,102.17,589
0x575bab25,21.63,70,506,102.16,588
0x575bab26,21.69,68,576,102.17,591
0x575bab28,21.69,66,431,102.17,592
0x575bab29,21.69,72,429,102.17,591
0x575bab2b,21.69,63,412,102.17,589
0x575bab2d,21.69,61,407,102.17,588
0x575bab2e,21.69,72,470,102.17,586
0x575bab30,21.63,69,399,102.16,591
0x575bab33,21.63,65,410,102.17,586
0x575bab36,21.63,60,430,102.17,585
0x575bab38,21.63,58,416,102.18,585
0x575bab3a,21.63,58,597,102.16,587
0x575bab3d,21.63,67,427,102.17,591
0x575bab3f,21.63,70,406,102.16,589
0x575bab41,21.63,62,397,102.17,591
0x575bab43,21.63,71,404,102.17,590
0x575bab45,21.63,62,398,102.17,562
0x575bab46,21.63,61,402,102.17,592
0x575bab48,21.63,63,401,102.17,591
0x575bab4a,21.63,56,404,102.17,592
0x575bab4b,21.69,61,540,102.17,591
0x575bab4d,21.63,64,587,102.17,595
0x575bab4f,21.69,66,461,102.17,592
0x575bab51,21.69,61,500,102.17,590
0x575bab51,21.69,63,442,102.17,596
0x575bab53,21.69,67,501,102.17,593
0x575bab55,21.69,67,612,102.17,596
0x575bab56,21.63,60,538,102.16,595
0x575bab58,21.69,60,423,102.17,597
0x575bab5a,21.69,68,400,102.17,594
0x575bab5c,21.69,64,399,102.18,599
0x575bab5d,21.69,69,390,102.17,597
0x575bab5f,21.69,58,405,102.18,595
0x575bab61,21.63,69,399,102.17,594
0x575bab63,21.63,69,390,102.17,594
0x575bab64,21.56,62,436,102.17,595
0x575bab66,21.56,59,455,102.17,600
0x575bab68,21.56,57,414,102.16,597
0x575bab69,21.56,56,466,102.16,598
0x575bab6a,21.63,62,585,102.17,600
0x575bab6c,21.63,65,634,102.17,599
0x575bab6e,21.63,67,619,102.17,598
0x575bab6f,21.56,61,479,102.16,598
0x575bab71,21.56,71,453,102.17,601
0x575bab73,21.63,70,482,102.17,599
0x575bab75,21.63,60,521,102.17,604
0x575bab77,21.56,61,544,102.17,602
0x575bab79,21.56,61,464,102.17,602
0x575bab7a,21.56,71,414,102.17,606
0x575bab7c,21.56,67,405,102.17,603
0x575bab7e,21.56,59,440,102.16,607
0x575bab80,21.63,69,391,102.17,602
0x575bab82,21.63,70,419,102.17,605
0x575bab82,21.69,66,398,102.17,604
0x575bab84,21.69,67,416,102.17,602
0x575bab86,21.63,60,412,102.16,604
0x575bab87,21.69,59,505,102.17,598
0x575bab89,21.63,63,558,102.16,599
0x575bab8b,21.63,59,425,102.17,602
0x575bab8d,21.63,64,445,102.17,601
0x575bab8e,21.56,61,395,102.17,600
0x575bab90,21.56,58,397,102.17,603
0x575bab92,21.56,72,393,102.17,600
0x575bab94,21.56,71,391,102.17,602
0x575bab96,21.56,68,391,102.17,600
0x575bab96,21.56,60,398,102.17,598
0x575bab99,21.56,72,392,102.16,601
0x575bab9a,21.56,65,392,102.17,599
0x575bab9c,21.56,71,399,102.17,602
0x575bab9e,21.50,71,398,102.17,597
0x575baba0,21.50,62,396,102.16,600
0x575baba1,21.50,64,391,102.17,598
0x575baba3,21.44,71,412,102.17,601
0x575baba5,21.44,71,393,102.17,600
0x575baba6,21.50,65,396,102.17,600
0x575baba8,21.50,66,391,102.17,599
0x575babab,21.44,70,396,102.16,601
0x575babad,21.50,60,397,102.16,597
0x575babaf,21.50,61,398,102.16,599
0x575babb0,21.56,64,394,102.18,599
0x575babb2,21.56,64,395,102.17,599
0x575babb4,21.50,61,397,102.16,601
0x575babb6,21.56,67,396,102.17,598
0x575babb8,21.56,59,396,102.17,599
0x575babb9,21.50,63,416,102.17,595
0x575babbc,21.50,64,397,102.16,601
0x575babbd,21.50,68,394,102.16,599
0x575babbf,21.50,69,388,102.17,599
0x575babc1,21.50,62,389,102.18,601
0x575babc3,21.50,72,404,102.17,602
0x575babc5,21.44,66,392,102.16,599
0x575babc6,21.50,65,409,102.17,601
0x575babc8,21.50,59,402,102.18,597
0x575babca,21.44,72,394,102.16,598
0x575babcb,21.50,68,406,102.17,601
0x575babcd,21.44,61,396,102.17,601
0x575babcf,21.44,61,390,102.17,598
0x575babd1,21.44,72,397,102.17,599
0x575babd2,21.44,70,433,102.17,597
0x575babd4,21.44,62,392,102.17,600
0x575babd6,21.44,72,398,102.17,596
0x575babd7,21.44,70,390,102.16,602
0x575babd9,21.44,60,602,102.17,603
0x575babdb,21.44,62,394,102.17,600
0x575babdd,21.44,69,398,102.17,602
0x575babde,21.44,64,397,102.16,600
0x575babe0,21.44,72,392,102.17,601
0x575babe2,21.44,65,391,102.17,598
0x575babe4,21.50,70,392,102.18,598
0x575babe5,21.44,72,400,102.17,598
0x575babe7,21.44,71,394,102.17,594
0x575babe9,21.38,70,394,102.16,596
0x575babeb,21.44,68,398,102.17,594
0x575babec,21.50,68,393,102.17,595
0x575babee,21.44,66,395,102.16,595
0x575babf0,21.44,69,397,102.17,595
0x575babf2,21.50,73,413,102.17,598
0x575babf4,21.44,63,424,102.17,598
0x575babf6,21.44,72,393,102.16,600
0x575babf7,21.50,72,470,102.18,601
0x575babfa,21.50,61,400,102.17,602
0x575babfc,21.44,73,405,102.17,598
0x575babfd,21.50,71,399,102.17,604
0x575babfe,21.44,64,392,102.16,601
0x575bac00,21.50,59,393,102.18,605
0x575bac02,21.44,69,399,102.16,603
0x575bac03,21.50,60,394,102.17,609
0x575bac05,21.50,59,429,102.18,606
0x575bac07,21.44,69,391,102.17,568
0x575bac09,21.44,61,391,102.17,604
0x575bac0b,21.44,67,390,102.17,609
0x575bac0c,21.44,69,398,102.17,610
0x575bac0e,21.44,72,387,102.16,607
0x575bac10,21.50,65,397,102.17,609
0x575bac11,21.50,61,392,102.18,606
0x575bac13,21.50,70,394,102.17,608
0x575bac15,21.50,60,390,102.18,606
0x575bac17,21.50,60,393,102.18,604
0x575bac19,21.56,67,393,102.18,608
0x575bac1a,21.50,65,398,102.17,607
0x575bac1c,21.50,62,399,102.17,602
0x575bac1e,21.50,64,392,102.17,602
0x575bac20,21.50,68,395,102.17,605
0x575bac23,21.50,63,393,102.18,598
0x575bac25,21.50,67,403,102.18,603
0x575bac27,21.44,61,394,102.18,604
0x575bac29,21.44,60,392,102.18,599
0x575bac2a,21.44,71,390,102.17,599
0x575bac2c,21.44,67,389,102.17,603
0x575bac2e,21.44,71,390,102.17,600
0x575bac31,21.44,72,398,102.17,600
0x575bac33,21.44,68,390,102.18,600
0x575bac35,21.44,64,393,102.17,601
0x575bac36,21.44,62,393,102.17,603
0x575bac38,21.38,62,397,102.17,602
0x575bac3a,21.44,60,390,102.18,601
0x575bac3c,21.44,71,392,102.18,600
0x575cf675,23.00,19,356,103.40,459
0x575cf677,23.06,19,356,103.41,427
0x575cf679,23.00,18,376,103.40,460
0x575cf679,23.00,18,385,103.40,458
0x575cf67b,23.06,19,372,103.41,451
0x575cf67d,23.06,18,384,103.40,460
0x575cf67e,23.06,18,367,103.40,461
0x575cf680,23.06,18,393,103.40,457
0x575cf682,23.06,19,368,103.41,462
0x575cf683,23.06,19,362,103.40,457
0x575cf685,23.06,19,366,103.41,457
0x575cf687,23.06,18,378,103.41,461
0x575cf688,23.06,18,380,103.40,460
0x575cf68a,23.06,19,363,103.40,458
0x575cf68c,23.06,18,397,103.40,460
0x575cf68d,23.06,19,375,103.40,461
0x575cf68d,23.13,19,391,103.41,462
0x575cf68f,23.13,18,363,103.41,463
0x575cf691,23.06,19,355,103.41,462
0x575cf692,23.06,18,360,103.40,460
0x575cf693,23.06,18,357,103.40,462
0x575cf695,23.13,15,372,103.41,459
0x575cf696,23.06,18,354,103.40,459
0x575cf698,23.13,17,380,103.41,462
0x575cf69a,23.13,18,386,103.40,461
0x575cf69b,23.13,18,398,103.41,460
0x575cf69d,23.13,18,372,103.41,459
0x575cf69f,23.06,17,428,103.40,461
0x575cf6a1,23.06,18,410,103.41,457
0x575cf6a2,23.06,18,398,103.40,460
0x575cf6a4,23.06,18,409,103.40,459
0x575cf6a5,23.06,18,380,103.40,459
0x575cf6a5,23.13,18,368,103.41,460
0x575cf6a7,23.13,18,365,103.41,460
0x575cf6a9,23.06,18,354,103.40,458
0x575cf6a9,23.06,18,373,103.40,458
0x575cf6ab,23.06,18,367,103.41,460
0x575cf6ac,23.00,17,371,103.40,460
0x575cf6ad,23.06,18,423,103.41,461
0x575cf6af,23.06,17,416,103.41,462
0x575cf6b1,23.06,18,413,103.41,456
0x575cf6b3,23.06,18,378,103.41,460
0x575cf6b3,23.00,18,390,103.40,461
0x575cf6b5,23.06,18,383,103.41,463
0x575cf6b7,23.00,18,418,103.40,462
0x575cf6b8,23.00,18,425,103.41,460
0x575cf6ba,23.00,18,376,103.40,461
0x575cf6bc,23.00,17,397,103.41,460
0x575cf6be,23.00,18,373,103.41,466
0x575cf6bf,22.94,18,355,103.40,463
0x575cf6c1,22.94,18,441,103.40,462
0x575cf6c3,22.94,18,423,103.40,465
0x575cf6c4,23.00,17,386,103.40,468
0x575cf6c6,23.00,15,389,103.40,463
0x575cf6c7,22.94,17,439,103.40,464
0x575cf6c8,23.00,17,510,103.41,466
0x575cf6c9,23.00,17,369,103.40,465
0x575cf6cb,23.00,16,397,103.41,466
0x575cf6cc,23.00,16,371,103.41,466
0x575cf6cc,23.00,17,526,103.41,465
0x575cf6ce,23.06,18,499,103.41,465
0x575cf6cf,23.00,18,511,103.40,462
0x575cf6d0,23.00,17,512,103.40,465
0x575cf6d2,22.94,17,522,103.40,465
0x575cf6d4,22.94,17,406,103.40,465
0x575cf6d5,22.94,16,387,103.40,466
0x575cf6d7,22.94,15,380,103.40,467
0x575cf6d8,22.94,16,363,103.40,468
0x575cf6d9,23.00,18,388,103.41,465
0x575cf6db,22.94,17,384,103.40,469
0x575cf6dc,22.94,17,359,103.40,470
0x575cf6dc,23.00,17,368,103.41,464
0x575cf6de,23.00,18,353,103.40,467
0x575cf6e0,23.00,18,366,103.40,465
0x575cf6e1,23.00,18,374,103.40,468
0x575cf6e2,23.00,18,355,103.41,463
0x575cf6e4,23.00,17,362,103.40,467
0x575cf6f8,23.00,17,391,103.41,467
0x575cf6f9,22.94,17,360,103.40,464
0x575cf6fa,23.00,17,369,103.41,463
0x575cf6fc,22.94,17,370,103.40,462
0x575cf6fd,23.00,17,370,103.40,468
0x575cf6ff,23.00,17,360,103.40,463
0x575cf6ff,22.94,18,372,103.40,466
0x575cf700,23.00,18,363,103.40,468
0x575cf702,23.00,17,386,103.39,463
0x575cf702,22.94,18,369,103.40,464
0x575cf704,23.06,16,364,103.41,462
0x575cf705,23.00,15,429,103.40,463
0x575cf706,23.06,16,388,103.41,454
0x575cf707,22.94,16,369,103.39,461
0x575cf709,23.06,16,362,103.41,465
0x575cf70a,23.00,17,369,103.40,460
0x575cf70c,23.00,17,388,103.41,463
0x575cf70e,22.94,18,379,103.39,460
0x575cf70f,23.00,17,355,103.40,466
0x575cf711,23.00,17,361,103.40,461
0x575cf713,23.00,17,376,103.40,460
0x575cf713,22.94,17,370,103.40,463
0x575cf715,23.00,17,392,103.40,465
0x575cf717,23.00,15,372,103.40,463
0x575cf719,23.00,18,390,103.40,462
0x575cf719,23.00,17,371,103.40,461
0x575cf71b,23.06,18,397,103.41,462
0x575cf71d,23.00,18,379,103.41,464
0x575cf71e,23.00,17,381,103.41,461
0x575cf71f,23.00,17,361,103.40,464
0x575cf721,23.00,18,366,103.40,460
0x575cf721,23.00,17,364,103.40,464
0x575cf723,23.06,17,354,103.40,461
0x575cf724,23.06,17,360,103.40,460
0x575cf725,23.06,17,360,103.40,464
0x575cf727,23.06,17,377,103.40,464
0x575cf729,23.00,17,355,103.40,460
0x575cf72b,23.00,17,394,103.40,464
0x575cf72c,23.00,17,386,103.40,462
0x575cf72e,23.00,18,363,103.40,461
0x575cf730,23.00,17,361,103.39,463
0x575cf731,23.00,17,356,103.40,462
0x575cf732,23.00,17,359,103.40,465
0x575cf734,23.00,17,368,103.40,461
0x575cf735,23.00,17,359,103.40,463
0x575cf737,23.00,17,350,103.40,461
0x575cf738,23.00,17,357,103.40,464
0x575cf739,23.06,18,362,103.40,459
0x575cf73b,23.00,17,361,103.40,464
0x575cf73d,23.06,17,355,103.41,462
0x575cf73f,23.06,17,392,103.40,460
0x575cf740,23.00,18,382,103.40,463
0x575cf742,23.06,17,363,103.40,463
0x575cf744,23.06,17,368,103.41,465
0x575cf744,23.06,18,398,103.40,460
0x575cf745,23.06,17,387,103.40,462
0x575cf747,23.13,18,382,103.41,460
0x575cf748,23.06,17,366,103.41,463
0x575cf74a,23.06,17,368,103.40,465
0x575cf74b,23.06,17,384,103.40,460
0x575cf74c,23.06,17,377,103.40,461
0x575cf74e,23.06,17,381,103.40,464
0x575cf74f,23.06,17,379,103.40,463
0x575cf74f,23.13,16,409,103.41,460
0x575cf751,23.13,17,369,103.41,464
0x575cf753,23.06,17,396,103.39,461
0x575cf755,23.06,17,367,103.40,462
0x575cf755,23.06,17,363,103.40,461
0x575cf756,23.13,18,363,103.40,465
0x575cf758,23.13,17,378,103.40,461
0x575cf759,23.06,18,395,103.40,460
0x575cf75b,23.06,17,385,103.40,460
0x575cf75c,23.13,18,398,103.41,462
0x575cf75d,23.13,17,406,103.41,460
0x575cf75f,23.06,17,383,103.40,465
0x575cf760,23.06,16,389,103.40,463
0x575cf761,23.13,17,376,103.40,460
0x575cf763,23.06,17,374,103.40,463
0x575cf765,23.13,17,364,103.41,463
0x575cf766,23.06,17,398,103.40,462
0x575cf768,23.13,17,368,103.41,463
0x575cf76a,23.13,18,388,103.40,460
0x575cf76c,23.13,16,356,103.40,462
0x575cf76d,23.13,17,358,103.41,460
0x575cf76f,23.13,17,364,103.40,461
0x575cf771,23.13,17,399,103.40,458
0x575cf772,23.13,17,370,103.41,458
0x575cf774,23.13,17,386,103.41,460
0x575cf776,23.13,17,375,103.40,463
0x575cf777,23.13,16,375,103.40,462
0x575cf779,23.13,17,362,103.40,458
0x575cf77b,23.06,17,366,103.40,461
0x575cf77b,23.13,17,376,103.40,460
0x575cf77d,23.13,17,388,103.41,459
0x575cf77e,23.13,16,356,103.40,461
0x575cf780,23.13,17,404,103.41,456
0x575cf781,23.06,17,381,103.40,459
0x575cf783,23.13,16,356,103.41,463
0x575cf785,23.13,17,367,103.40,460
0x575cf786,23.13,17,365,103.41,457
0x575cf788,23.13,17,370,103.40,484
0x575cf789,23.13,17,373,103.40,461
0x575cf789,23.19,16,368,103.41,459
0x575cf78a,23.19,16,396,103.41,458
0x575cf78c,23.19,16,361,103.41,458
0x575cf78c,23.13,17,374,103.41,460
0x575cf78e,23.13,16,356,103.41,460
0x575cf790,23.13,16,368,103.40,461
0x575cf792,23.13,17,370,103.41,460
0x575cf792,23.13,17,357,103.40,458
0x575cf793,23.19,16,363,103.41,457
0x575cf795,23.19,16,359,103.40,459
0x575cf796,23.13,16,371,103.40,458
0x575cf797,23.13,17,360,103.40,460
0x575cf799,23.19,17,388,103.41,461
0x575cf79a,23.13,17,384,103.40,456
0x575cf79b,23.13,17,372,103.41,461
0x575cf79c,23.19,17,370,103.41,460
0x575cf79d,23.19,17,367,103.41,457
0x575cf79f,23.13,17,363,103.40,458
0x575cf7a1,23.13,16,403,103.40,459
0x575cf7a2,23.13,17,366,103.40,459
0x575cf7a3,23.13,16,369,103.40,460
0x575cf7a5,23.13,16,358,103.41,461
0x575cf7a6,23.13,17,376,103.40,461
0x575cf7a8,23.13,16,366,103.41,463
0x575cf7aa,23.13,17,358,103.40,458
0x575cf7ac,23.13,16,362,103.40,463
0x575cf7ae,23.13,17,361,103.40,457
0x575cf7af,23.13,17,369,103.40,457
0x575cf7b0,23.19,16,391,103.41,458
0x575cf7b1,23.13,17,388,103.41,461
0x575cf7b3,23.13,17,367,103.41,461
0x575cf7b4,23.13,17,362,103.41,459
0x575cf7b5,23.13,16,357,103.40,460
0x575cf7b7,23.13,16,359,103.41,461
0x575cf7b9,23.06,17,362,103.40,460
0x575cf7b9,23.13,17,376,103.40,460
0x575cf7bb,23.13,16,367,103.41,462
0x575cf7bd,23.13,16,358,103.41,461
0x575cf7be,23.13,17,369,103.40,458
0x575cf7c0,23.13,17,382,103.40,458
0x575cf7c2,23.13,17,404,103.40,457
0x575cf7c2,23.13,17,357,103.40,462
0x575cf7c4,23.13,16,361,103.41,461
0x575cf7c6,23.13,16,373,103.40,458
0x575cf7c6,23.13,16,368,103.41,456
0x575cf7c8,23.13,16,376,103.40,458
0x575cf7ca,23.13,17,375,103.41,459
0x575cf7cb,23.13,17,383,103.41,459
0x575cf7cc,23.19,16,388,103.41,457
0x575cf7ce,23.13,16,366,103.40,458
0x575cf7d0,23.13,17,388,103.41,457
0x575cf7d1,23.13,16,384,103.41,460
0x575cf7d2,23.13,17,364,103.41,459
0x575cf7d4,23.19,16,362,103.41,456
0x575cf7d5,23.13,17,377,103.41,458
0x575cf7d7,23.13,16,384,103.41,458
0x575cf7d9,23.13,17,378,103.41,456
0x575cf7d9,23.13,16,411,103.40,461
0x575cf7da,23.19,17,367,103.41,461
0x575cf7dc,23.13,16,393,103.40,459
0x575cf7dd,23.13,16,423,103.41,458
0x575cf7de,23.19,17,402,103.41,457
0x575cf7e0,23.13,17,397,103.41,461
0x575cf7e2,23.13,16,382,103.40,458
0x575cf7e3,23.13,16,408,103.40,459
0x575cf7e5,23.13,17,396,103.41,457
0x575cf7e7,23.13,17,405,103.40,457
0x575cf7e8,23.13,17,396,103.41,456
0x575cf7ea,23.13,17,382,103.40,458
0x575cf7eb,23.13,16,377,103.40,458
0x575cf7ec,23.19,16,384,103.41,461
0x575cf7ed,23.13,17,375,103.40,456
0x575cf7ef,23.19,16,369,103.41,460
0x575cf7f0,23.19,16,381,103.41,459
0x575cf7f1,23.19,17,389,103.41,460
0x575cf7f3,23.13,17,403,103.41,462
0x575cf7f5,23.13,16,373,103.40,459
0x575cf7f6,23.13,16,384,103.41,458
0x575cf7f7,23.13,16,410,103.41,463
0x575cf7f9,23.19,16,388,103.41,459
0x575cf7fa,23.13,16,378,103.40,459
0x575cf7fb,23.13,17,379,103.40,460
0x575cf7fd,23.19,17,380,103.41,457
0x575cf7fe,23.13,16,405,103.41,458
0x575cf800,23.13,17,392,103.41,460
0x575cf802,23.19,17,380,103.41,458
0x575cf804,23.13,16,396,103.41,459
0x575cf805,23.19,17,417,103.41,461
0x575cf807,23.13,17,430,103.41,462
0x575cf809,23.13,16,410,103.41,458
0x575cf80a,23.13,16,378,103.41,460
0x575cf80c,23.13,16,423,103.41,452
0x575cf80e,23.13,16,408,103.41,463
0x575cf810,23.13,16,397,103.41,462
0x575cf811,23.13,16,426,103.40,459
0x575cf813,23.13,16,409,103.41,457
0x575cf815,23.13,17,415,103.40,457
0x575cf817,23.13,17,413,103.40,459
0x575cf818,23.13,16,464,103.40,458
0x575cf81a,23.13,16,386,103.40,459
0x575cf81c,23.13,16,379,103.40,457
0x575cf81e,23.13,16,385,103.41,460
0x575cf820,23.13,17,399,103.41,460
0x575cf821,23.13,16,384,103.40,461
0x575cf823,23.13,16,419,103.40,459
0x575cf825,23.13,17,420,103.41,459
0x575cf827,23.13,17,379,103.41,459
0x575cf829,23.13,16,406,103.41,458
0x575cf82b,23.13,16,395,103.40,462
0x575cf82c,23.13,16,417,103.40,461
0x575cf82e,23.13,17,387,103.41,460
0x575cf830,23.13,16,418,103.41,459
0x575cf832,23.13,16,428,103.41,459
0x575cf834,23.13,16,427,103.40,462
0x575cf835,23.13,16,408,103.40,462
0x575cf837,23.13,16,455,103.41,458
0x575cf839,23.13,16,463,103.41,458
0x575cf83b,23.13,16,443,103.40,458
0x575cf83d,23.13,16,440,103.40,457
