0x575a969b,26.25,14,400,102.05,536
0x575a969d,26.25,14,389,102.04,535
0x575a969e,26.25,14,397,102.05,539
0x575a96a0,26.25,14,386,102.05,537
0x575a96a1,26.25,14,445,102.05,539
0x575a96a3,26.31,14,528,102.05,534
0x575a96a4,26.25,13,411,102.05,536
0x575a96a6,26.25,14,452,102.05,534
0x575a96a7,26.25,14,395,102.05,538
0x575a96a7,26.31,14,403,102.05,536
0x575a96a9,26.31,14,382,102.05,535
0x575a96ab,26.31,14,396,102.05,535
0x575a96ab,26.31,14,440,102.05,535
0x575a96ad,26.31,11,418,102.05,534
0x575a96af,26.31,14,638,102.05,536
0x575a96af,26.31,14,638,102.05,535
0x575a96b1,26.31,15,403,102.05,536
0x575a96b3,26.31,15,352,102.05,539
0x575a96b5,26.31,15,385,102.05,533
0x575a96b6,26.31,15,355,102.04,533
0x575a96b8,26.31,15,383,102.05,537
0x575a96b9,26.31,15,375,102.04,538
0x575a96ba,26.38,15,385,102.05,536
0x575a96bb,26.38,14,391,102.05,536
0x575a96bd,26.38,14,404,102.05,533
0x575a96be,26.38,13,516,102.04,537
0x575a96c0,26.31,14,505,102.04,533
0x575a96c2,26.31,14,437,102.04,535
0x575a96c3,26.38,14,375,102.05,532
0x575a96c5,26.38,14,528,102.04,533
0x575a96c7,26.38,14,560,102.05,535
0x575a96c9,26.38,14,388,102.04,534
0x575a96ca,26.31,14,402,102.04,532
0x575a96cc,26.38,14,529,102.05,533
0x575a96ce,26.38,14,370,102.04,535
0x575a96ce,26.38,14,402,102.04,533
0x575a96d0,26.44,14,393,102.05,537
0x575a96d1,26.38,14,351,102.04,534
0x575a96d2,26.38,14,421,102.05,532
0x575a96d4,26.38,14,387,102.05,532
0x575a96d6,26.38,14,429,102.04,536
0x575a96d7,26.38,15,520,102.04,534
0x575a96d9,26.38,15,519,102.05,537
0x575a96db,26.38,15,496,102.04,532
0x575a96dd,26.38,15,481,102.05,535
0x575a96de,26.38,15,547,102.05,534
0x575a96e0,26.38,14,498,102.05,532
0x575a96e2,26.38,14,529,102.05,532
0x575a96e3,26.38,14,421,102.05,536
0x575a96e4,26.38,14,524,102.05,534
0x575a96e6,26.38,14,523,102.05,533
0x575a96e7,26.38,14,411,102.05,533
0x575a96e9,26.38,14,539,102.05,535
0x575a96eb,26.38,14,473,102.04,533
0x575a96ec,26.38,14,523,102.05,534
0x575a96ed,26.38,14,480,102.05,536
0x575a96ef,26.38,14,537,102.05,533
0x575a96f1,26.38,14,531,102.05,536
0x575a96f2,26.38,12,407,102.05,531
0x575a96f4,26.38,14,522,102.05,539
0x575a96f6,26.38,14,463,102.05,531
0x575a96f7,26.38,14,414,102.05,534
0x575a96f9,26.38,14,409,102.05,531
0x575a96fb,26.38,14,402,102.05,534
0x575a96fd,26.38,14,359,102.05,534
0x575a96fe,26.44,14,516,102.05,534
0x575a9700,26.38,14,443,102.05,530
0x575a9701,26.38,15,395,102.05,531
0x575a9702,26.44,14,404,102.06,530
0x575a9703,26.38,15,535,102.05,535
0x575a9705,26.44,14,398,102.05,535
0x575a9706,26.38,15,531,102.04,531
0x575a9708,26.38,15,387,102.05,533
0x575a9709,26.38,14,386,102.05,532
0x575a970a,26.44,14,410,102.05,534
0x575a970c,26.38,14,385,102.05,532
0x575a970e,26.38,15,393,102.05,533
0x575a9710,26.38,15,412,102.05,532
0x575a9711,26.38,14,374,102.05,533
0x575a9713,26.38,15,396,102.05,531
0x575a9715,26.38,15,387,102.05,532
0x575a9716,26.38,15,400,102.04,532
0x575a9717,26.38,14,412,102.05,531
0x575a9718,26.44,14,396,102.05,530
0x575a9719,26.44,14,394,102.05,530
0x575a971b,26.38,14,402,102.05,535
0x575a971c,26.38,14,438,102.05,534
0x575a971d,26.38,14,451,102.05,531
0x575a971f,26.38,14,404,102.05,531
0x575a9721,26.38,14,400,102.05,530
0x575a9723,26.38,14,420,102.05,533
0x575a9724,26.38,15,414,102.05,530
0x575a9726,26.38,15,467,102.05,531
0x575a9727,26.38,14,416,102.05,530
0x575a9728,26.44,14,405,102.05,537
0x575a972a,26.38,14,395,102.04,531
0x575a972c,26.38,15,389,102.05,532
0x575a972d,26.44,15,480,102.05,533
0x575a972f,26.38,15,401,102.05,532
0x575a9731,26.38,15,396,102.05,530
0x575a9731,26.38,14,398,102.05,530
0x575a9733,26.44,14,370,102.05,533
0x575a9734,26.44,15,398,102.05,533
0x575a9735,26.44,14,388,102.05,531
0x575a9737,26.44,15,387,102.05,529
0x575a9739,26.38,15,402,102.05,555
0x575a973b,26.44,14,418,102.05,532
0x575a973c,26.38,15,440,102.05,529
0x575a973e,26.38,15,408,102.05,531
0x575a9740,26.38,15,517,102.05,530
0x575a9740,26.38,14,532,102.05,528
0x575a9742,26.44,15,427,102.06,529
0x575a9744,26.38,14,404,102.05,528
0x575a9745,26.38,14,454,102.05,531
0x575a9747,26.38,14,357,102.05,531
0x575a9749,26.38,15,363,102.06,529
0x575a9749,26.31,14,392,102.05,530
0x575a974b,26.38,10,451,102.05,528
0x575a974e,26.38,14,395,102.05,530
0x575a974e,26.38,14,528,102.05,531
0x575a9750,26.38,14,407,102.05,529
0x575a9752,26.31,13,394,102.05,530
0x575a9752,26.31,15,398,102.05,528
0x575a9754,26.38,15,401,102.05,531
0x575a9756,26.38,14,509,102.05,528
0x575a9756,26.38,14,539,102.05,530
0x575a9758,26.38,14,434,102.05,528
0x575a975a,26.38,14,372,102.05,528
0x575a975c,26.38,15,362,102.05,531
0x575a975c,26.38,15,406,102.05,529
0x575a975e,26.38,14,520,102.05,532
0x575a9760,26.38,14,399,102.06,532
0x575a9761,26.38,14,404,102.06,532
0x575a9763,26.38,14,365,102.05,532
0x575a9765,26.38,14,409,102.06,532
0x575a9766,26.38,14,544,102.05,527
0x575a9768,26.31,14,410,102.04,528
0x575a976a,26.38,14,530,102.05,530
0x575a976c,26.31,15,424,102.05,527
0x575a976d,26.38,15,402,102.05,530
0x575a976f,26.31,14,406,102.05,527
0x575a9771,26.31,15,400,102.05,528
0x575a9772,26.31,15,416,102.05,530
0x575a9774,26.31,15,376,102.05,528
0x575a9776,26.31,15,493,102.05,527
0x575a9778,26.31,14,439,102.05,526
0x575a9779,26.31,14,384,102.05,527
0x575a977a,26.38,14,398,102.06,531
0x575a977c,26.38,14,394,102.05,529
0x575a977c,26.31,14,386,102.05,530
0x575a977e,26.38,14,451,102.05,530
0x575a9780,26.38,14,511,102.06,531
0x575a9781,26.31,14,448,102.05,528
0x575a9783,26.38,14,399,102.05,526
0x575a9785,26.38,14,500,102.05,531
0x575a9786,26.38,14,501,102.05,530
0x575a9788,26.38,14,528,102.05,529
0x575a978a,26.38,14,521,102.05,530
0x575a978c,26.38,15,482,102.05,528
0x575a978d,26.38,14,536,102.05,529
0x575a978f,26.38,15,404,102.05,524
0x575a9791,26.38,14,413,102.05,526
0x575a9792,26.38,14,396,102.05,527
0x575a9794,26.38,14,414,102.06,530
0x575a9796,26.38,14,394,102.05,526
0x575a9797,26.38,14,404,102.05,529
0x575a9799,26.38,14,372,102.05,530
0x575a979b,26.38,14,354,102.06,528
0x575a979d,26.38,14,366,102.05,528
0x575a979d,26.31,15,423,102.05,528
0x575a979f,26.38,14,368,102.05,527
0x575a97a0,26.31,15,374,102.05,527
0x575a97a1,26.38,14,402,102.06,530
0x575a97a3,26.38,14,414,102.05,530
0x575a97a5,26.31,13,384,102.05,528
0x575a97a6,26.38,13,403,102.05,527
0x575a97a7,26.38,14,405,102.05,526
0x575a97a9,26.38,15,419,102.05,530
0x575a97aa,26.31,14,525,102.05,530
0x575a97ab,26.38,15,508,102.05,530
0x575a97ad,26.38,14,357,102.06,526
0x575a97af,26.38,6,356,102.05,529
0x575a97b0,26.38,14,509,102.05,53
0x575a97b1,26.38,14,416,102.05,529
0x575a97b3,26.44,14,531,102.06,530
0x575a97b4,26.38,14,399,102.05,529
0x575a97b5,26.38,14,420,102.06,531
0x575a97b7,26.44,15,387,102.06,528
0x575a97b7,26.38,14,385,102.05,529
0x575a97b9,26.38,14,529,102.05,528
0x575a97ba,26.38,14,403,102.05,525
0x575a97bb,26.44,15,481,102.06,530
0x575a97bd,26.38,15,477,102.05,527
0x575a97bf,26.38,14,421,102.05,526
0x575a97bf,26.38,14,390,102.05,530
0x575a97c1,26.44,14,534,102.06,526
0x575a97c2,26.38,15,559,102.05,526
0x575a97c4,26.44,14,487,102.05,527
0x575a97c5,26.44,14,484,102.05,528
0x575a97c6,26.38,14,429,102.05,527
0x575a97c8,26.44,14,498,102.06,529
0x575a97c9,26.44,15,519,102.05,527
0x575a97cb,26.38,14,537,102.05,526
0x575a97cd,26.44,14,384,102.06,527
0x575a97ce,26.38,15,513,102.05,526
0x575a97d0,26.44,14,525,102.05,529
0x575a97d2,26.44,14,515,102.06,527
0x575a97d4,26.38,14,431,102.05,525
0x575a97d5,26.38,14,399,102.05,527
0x575a97d7,26.38,14,344,102.05,527
0x575a97d9,26.38,14,490,102.05,527
0x575a97da,26.38,14,530,102.05,525
0x575a97dc,26.44,14,426,102.05,525
0x575a97de,26.38,14,519,102.05,528
0x575a97df,26.44,14,417,102.06,529
0x575a97e1,26.38,14,418,102.05,527
0x575a97e3,26.44,15,440,102.05,529
0x575a97e5,26.44,14,418,102.05,529
0x575a97e6,26.44,14,537,102.06,529
0x575a97e8,26.44,14,415,102.05,525
0x575a97ea,26.38,14,414,102.05,527
0x575a97eb,26.38,14,400,102.05,527
0x575a97ed,26.38,14,449,102.05,527
0x575a97ee,26.38,14,429,102.05,526
0x575a97ef,26.44,12,408,102.05,525
0x575a97f0,26.44,14,518,102.05,528
0x575a97f2,26.44,15,374,102.06,525
0x575a97f3,26.44,14,405,102.05,527
0x575a97f4,26.44,14,411,102.05,525
0x575a97f6,26.44,14,412,102.06,529
0x575a97f8,26.44,14,411,102.05,526
0x575a97f8,26.44,14,412,102.05,526
0x575a97fa,26.50,14,602,102.06,529
0x575a97fc,26.44,14,419,102.06,525
0x575a97fd,26.44,15,419,102.05,527
0x575a97ff,26.44,14,600,102.05,527
0x575a9802,26.44,14,428,102.06,529
0x575a9804,26.38,15,422,102.05,528
0x575a9804,26.44,15,397,102.05,529
0x575a9806,26.44,14,637,102.05,529
0x575a9808,26.38,14,525,102.05,524
0x575a9809,26.44,14,533,102.05,528
0x575a980b,26.44,14,549,102.05,527
0x575a980d,26.44,14,505,102.05,525
0x575a980f,26.44,14,417,102.05,525
0x575a9810,26.44,14,442,102.05,525
0x575a9812,26.44,14,527,102.05,528
0x575a9814,26.44,14,625,102.05,526
0x575a9815,26.44,14,525,102.05,528
0x575a9817,26.44,14,533,102.05,524
0x575a9819,26.44,15,525,102.05,525
0x575a981a,26.44,15,501,102.05,528
0x575a981c,26.44,14,519,102.05,529
0x575a981e,26.44,14,487,102.05,527
0x575a9820,26.44,14,532,102.05,526
0x575a9821,26.44,14,388,102.05,526
0x575a9823,26.44,14,374,102.05,527
0x575a9825,26.44,14,598,102.05,529
0x575a9825,26.44,14,527,102.05,526
0x575a9827,26.50,14,444,102.06,525
0x575a9828,26.50,15,428,102.05,526
0x575a9828,26.50,14,428,102.05,525
0x575a982a,26.50,14,444,102.06,528
0x575a982c,26.50,14,521,102.06,527
0x575a982e,26.50,14,490,102.05,524
0x575a982f,26.50,14,485,102.05,525
0x575a9831,26.50,14,457,102.06,526
0x575a9833,26.50,14,461,102.05,529
0x575a9834,26.50,14,550,102.06,530
0x575a9836,26.50,14,536,102.06,529
0x575a9838,26.50,15,427,102.05,527
0x575a9838,26.50,14,426,102.05,525
0x575a983a,26.50,14,480,102.06,527
0x575a983c,26.50,14,464,102.05,528
0x575a983e,26.50,14,450,102.05,527
0x575a983f,26.50,14,488,102.05,524
0x575a9841,26.50,14,524,102.05,529
0x575a9843,26.50,15,493,102.06,529
0x575a9844,26.50,15,453,102.05,528
0x575a9846,26.50,14,477,102.05,526
0x575a9848,26.50,14,515,102.05,524
0x575a9849,26.50,15,604,102.06,526
0x575a984a,26.50,14,373,102.05,526
0x575a984c,26.56,14,469,102.05,529
0x575a984e,26.56,14,492,102.05,524
0x575a984f,26.56,15,417,102.06,528
0x575a9851,26.56,15,513,102.06,527
0x575a9853,26.56,14,468,102.06,528
0x575a9854,26.50,15,523,102.05,527
0x575a9856,26.56,15,585,102.06,527
0x575a9858,26.56,14,425,102.06,525
0x575a9859,26.56,14,597,102.06,527
0x575a985b,26.56,14,522,102.05,525
0x575a985d,26.56,14,457,102.05,527
0x575a985e,26.56,14,512,102.06,525
0x575a9860,26.56,13,527,102.05,530
0x575a9862,26.56,14,463,102.06,527
0x575a9864,26.56,14,546,102.05,525
0x575a9865,26.56,15,424,102.05,528
0x575a9866,26.56,14,408,102.06,525
0x575a9868,26.63,14,526,102.06,526
0x575a9869,26.56,14,524,102.06,528
0x575a986a,26.56,14,485,102.06,530
0x575a986c,26.63,14,436,102.05,524
0x575a986d,26.56,14,515,102.06,524
0x575a986e,26.56,14,481,102.05,525
0x575a9870,26.63,14,438,102.06,525
0x575a9870,26.56,15,526,102.05,524
0x575a9872,26.63,14,418,102.06,525
0x575a9873,26.56,14,427,102.05,527
0x575a9875,26.63,14,489,102.06,525
0x575a9876,26.63,14,507,102.06,526
0x575a9878,26.56,14,514,102.05,527
0x575a987a,26.63,14,456,102.06,528
0x575a987b,26.56,15,507,102.05,527
0x575a987c,26.56,14,468,102.06,529
0x575a987e,26.63,14,414,102.06,526
0x575a987f,26.56,14,526,102.05,525
0x575a9881,26.56,14,510,102.06,528
0x575a9883,26.56,14,495,102.05,524
0x575a9885,26.63,14,531,102.06,526
0x575a9886,26.56,14,379,102.05,528
0x575a9888,26.56,15,414,102.06,524
0x575a988a,26.56,14,389,102.06,524
0x575a988b,26.56,15,410,102.06,523
0x575a988d,26.56,14,466,102.06,525
0x575a988f,26.63,14,556,102.06,526
0x575a9891,26.63,14,531,102.06,527
0x575a9892,26.56,14,472,102.05,524
0x575a9894,26.56,14,524,102.06,527
0x575a9896,26.56,14,516,102.05,523
0x575a9898,26.56,14,415,102.06,496
0x575a9899,26.56,14,370,102.05,524
0x575a989b,26.56,14,531,102.05,526
0x575a989d,26.56,13,378,102.06,525
0x575a989e,26.56,14,410,102.06,527
0x575a98a0,26.56,14,370,102.06,525
0x575a98a2,26.56,14,407,102.06,528
0x575a98a2,26.56,14,572,102.05,528
0x575a98a4,26.63,14,399,102.06,526
0x575a98a6,26.63,14,396,102.06,528
0x575a98a8,26.63,14,420,102.06,527
0x575a98a9,26.63,14,392,102.06,526
0x575a98aa,26.56,14,400,102.05,526
0x575a98ac,26.63,14,367,102.06,524
0x575a98ad,26.63,14,349,102.06,528
0x575a98af,26.56,14,395,102.05,527
0x575a98b1,26.63,14,402,102.06,527
0x575a98b2,26.56,14,402,102.06,528
0x575a98b3,26.63,14,406,102.06,525
0x575a98b5,26.63,14,442,102.06,525
0x575a98b7,26.63,14,366,102.06,526
0x575a98b8,26.63,14,489,102.06,526
0x575a98ba,26.56,15,433,102.05,527
0x575a98bc,26.63,14,559,102.06,525
0x575a98bd,26.56,14,523,102.05,524
0x575a98be,26.56,14,436,102.05,526
0x575a98c0,26.63,14,449,102.05,526
0x575a98c2,26.63,14,424,102.06,528
0x575a98c3,26.63,14,567,102.06,526
0x575a98c4,26.63,14,525,102.06,525
0x575a98c6,26.63,14,524,102.06,524
0x575a98c7,26.56,14,439,102.05,528
0x575a98c9,26.63,14,402,102.06,528
0x575a98cb,26.63,14,441,102.06,523
0x575a98cc,26.63,14,521,102.06,525
0x575a98cd,26.63,14,412,102.05,526
0x575a98cf,26.63,14,411,102.06,527
0x575a98d0,26.63,14,493,102.05,524
0x575a98d2,26.56,14,481,102.05,524
0x575a98d4,26.63,14,468,102.06,525
0x575a98d5,26.63,15,447,102.06,529
0x575a98d6,26.63,14,413,102.06,527
0x575a98d8,26.63,14,417,102.05,526
0x575a98da,26.63,15,430,102.06,525
0x575a98db,26.63,15,476,102.06,524
0x575a98dc,26.63,14,640,102.05,523
0x575a98de,26.63,14,542,102.06,523
0x575a98df,26.63,13,539,102.06,525
0x575a98e1,26.63,14,523,102.06,524
0x575a98e3,26.63,14,505,102.06,523
0x575a98e4,26.56,14,505,102.05,527
0x575a98e6,26.63,14,387,102.06,528
0x575a98e8,26.63,14,398,102.05,527
0x575a98ea,26.56,14,516,102.05,527
0x575a98eb,26.56,14,521,102.05,523
0x575a98ec,26.63,14,470,102.05,523
0x575a98ee,26.63,12,520,102.06,524
0x575a98ef,26.63,14,466,102.05,524
0x575a98f1,26.63,14,389,102.06,525
0x575a98f3,26.63,14,541,102.06,523
0x575a98f4,26.63,14,436,102.05,524
0x575a98f5,26.63,14,402,102.06,524
0x575a98f7,26.69,14,425,102.06,526
0x575a98f9,26.63,14,392,102.06,523
0x575a98fa,26.63,15,524,102.06,523
0x575a98fc,26.63,14,406,102.06,523
0x575aa18d,26.63,14,372,102.06,538
0x575aa18e,26.88,14,502,102.07,522
0x575aa190,26.94,14,396,102.07,523
0x575aa190,26.94,13,376,102.07,526
0x575aa191,27.00,14,358,102.07,526
0x575aa193,27.06,14,512,102.07,525
0x575aa194,27.00,14,416,102.07,526
0x575aa195,27.00,14,376,102.07,522
0x575aa196,27.06,14,413,102.07,526
0x575aa197,27.06,14,449,102.07,526
0x575aa198,27.00,14,537,102.06,525
0x575aa19a,27.06,14,394,102.07,526
0x575aa19a,27.00,14,497,102.07,523
0x575aa19c,27.06,14,417,102.07,524
0x575aa19e,27.00,14,388,102.07,525
0x575aa1a0,27.06,15,486,102.07,523
0x575aa1a1,27.06,14,526,102.07,526
0x575aa1a3,27.06,14,519,102.07,521
0x575aa1a5,27.06,14,548,102.07,526
0x575aa1a6,27.06,14,371,102.06,525
0x575aa1a8,27.06,14,520,102.07,525
0x575aa1aa,27.06,14,523,102.06,522
0x575aa1ab,27.06,14,489,102.06,521
0x575aa1ad,27.13,14,530,102.07,525
0x575aa1ae,27.13,14,421,102.06,521
0x575aa1ae,27.19,15,485,102.06,521
0x575aa1b0,27.19,14,521,102.06,524
0x575aa1b2,27.13,13,540,102.06,525
0x575aa1b4,27.13,10,432,102.06,523
0x575aa1b5,27.13,14,515,102.06,521
0x575aa1b7,27.13,14,530,102.07,521
0x575aa1b9,27.13,14,501,102.06,520
0x575aa1ba,27.13,14,534,102.06,525
0x575aa1bc,27.13,14,508,102.06,521
0x575aa1be,27.13,14,509,102.06,521
0x575aa1bf,27.19,14,522,102.06,520
0x575aa1c1,27.19,14,522,102.06,522
0x575aa1c3,27.19,14,539,102.06,524
0x575aa1c4,27.19,14,524,102.06,524
0x575aa1c5,27.25,14,520,102.06,525
0x575aa1c7,27.19,14,532,102.06,522
0x575aa1c8,27.19,14,519,102.06,521
0x575aa1c9,27.25,14,372,102.06,521
0x575aa1cb,27.25,13,505,102.06,523
0x575aa1cd,27.25,14,481,102.06,522
0x575aa1ce,27.25,14,395,102.06,519
0x575aa1d0,27.25,14,493,102.06,519
0x575aa1d2,27.25,14,522,102.06,520
0x575aa1d4,27.25,14,525,102.05,522
0x575aa1d5,27.25,14,487,102.06,527
0x575aa1d7,27.25,14,423,102.05,521
0x575aa1d9,27.25,14,540,102.06,521
0x575aa1da,27.25,14,525,102.06,524
0x575aa1db,27.25,14,500,102.06,520
0x575aa1dd,27.31,14,524,102.06,523
0x575aa1de,27.25,12,524,102.06,524
0x575aa1df,27.25,13,526,102.06,528
0x575aa1e1,27.31,14,508,102.06,524
0x575aa1e2,27.25,13,523,102.05,523
0x575aa1e3,27.31,14,476,102.06,526
0x575aa1e5,27.31,14,408,102.06,522
0x575aa1e5,27.25,14,512,102.06,523
0x575aa1e7,27.31,14,376,102.06,521
0x575aa1e9,27.31,14,490,102.05,521
0x575aa1e9,27.25,14,364,102.05,522
0x575aa1eb,27.31,16,501,102.06,525
0x575aa1ec,27.31,14,460,102.06,523
0x575aa1ee,27.38,14,494,102.06,520
0x575aa1ef,27.31,14,472,102.06,523
0x575aa1f1,27.31,14,537,102.05,522
0x575aa1f3,27.31,14,530,102.06,519
0x575aa1f3,27.31,14,483,102.06,517
0x575aa1f5,27.38,24,532,102.06,517
0x575aa1f6,27.31,14,513,102.06,521
0x575aa1f7,27.38,14,452,102.06,516
0x575aa1f9,27.31,14,543,102.06,521
0x575aa1fb,27.38,14,504,102.06,515
0x575aa1fd,27.31,14,517,102.06,517
0x575aa1fd,27.31,14,523,102.06,518
0x575aa1fe,27.38,14,470,102.06,516
0x575aa200,27.38,14,562,102.06,521
0x575aa201,27.31,14,514,102.05,514
0x575aa202,27.38,14,516,102.06,517
0x575aa204,27.38,14,542,102.06,520
0x575aa205,27.38,13,515,102.06,516
0x575aa207,27.31,14,523,102.05,519
0x575aa209,27.31,14,504,102.06,516
0x575aa20a,27.31,22,404,102.05,520
0x575aa20c,27.25,14,524,102.05,519
0x575aa20e,27.31,13,492,102.06,520
0x575aa210,27.31,14,507,102.06,514
0x575aa211,27.31,13,387,102.06,520
0x575aa212,27.31,14,413,102.06,516
0x575aa214,27.31,13,467,102.06,517
0x575aa215,27.25,14,393,102.06,516
0x575aa217,27.25,14,511,102.06,519
0x575aa219,27.25,14,522,102.06,519
0x575aa21a,27.25,14,485,102.06,518
0x575aa21b,27.25,13,382,102.06,518
0x575aa21d,27.25,14,407,102.06,517
0x575aa21e,27.19,13,466,102.06,520
0x575aa220,27.19,13,409,102.06,516
0x575aa222,27.19,12,521,102.06,518
0x575aa224,27.25,13,515,102.06,520
0x575aa225,27.19,13,392,102.06,518
0x575aa227,27.19,13,551,102.06,516
0x575aa228,27.25,13,529,102.06,516
0x575aa229,27.31,13,529,102.06,521
0x575aa22b,27.25,13,532,102.06,519
0x575aa22d,27.25,13,425,102.06,518
0x575aa22e,27.25,13,430,102.06,519
0x575aa22f,27.25,25,499,102.06,519
0x575aa231,27.31,14,533,102.07,516
0x575aa232,27.25,14,392,102.06,520
0x575aa234,27.25,14,463,102.06,521
0x575aa236,27.25,14,443,102.06,519
0x575aa237,27.25,14,503,102.07,519
0x575aa238,27.31,14,530,102.06,515
0x575aa23a,27.25,14,481,102.06,515
0x575aa23c,27.25,14,430,102.06,517
0x575aa23d,27.25,14,469,102.06,515
0x575aa23f,27.25,14,498,102.06,520
0x575aa242,27.25,14,404,102.06,519
0x575aa244,27.19,14,382,102.06,520
0x575aa245,27.25,14,435,102.06,518
0x575aa247,27.25,14,555,102.06,518
0x575aa249,27.25,14,504,102.06,521
0x575aa24a,27.31,14,500,102.07,520
0x575aa24c,27.25,14,429,102.06,517
0x575aa24e,27.25,14,446,102.06,521
0x575aa250,27.31,14,525,102.06,521
0x575aa251,27.31,14,482,102.06,519
0x575aa253,27.31,14,502,102.06,519
0x575aa255,27.31,14,529,102.06,518
0x575aa256,27.31,15,541,102.06,523
0x575aa258,27.31,14,465,102.06,519
0x575aa25a,27.31,14,479,102.06,518
0x575aa25b,27.31,14,528,102.06,518
0x575aa25d,27.31,14,594,102.06,521
0x575aa25f,27.31,14,497,102.06,521
0x575aa260,27.31,14,526,102.06,517
0x575aa262,27.31,14,420,102.06,518
0x575aa264,27.31,14,540,102.06,517
0x575aa264,27.31,14,392,102.06,516
0x575aa265,27.38,14,495,102.07,518
0x575aa267,27.38,14,455,102.06,516
0x575aa269,27.31,17,526,102.06,520
0x575aa26a,27.31,14,507,102.07,522
0x575aa26b,27.31,13,470,102.06,521
0x575aa26d,27.31,14,528,102.06,518
0x575aa26e,27.31,14,466,102.06,517
0x575aa270,27.31,14,424,102.06,517
0x575aa272,27.31,14,478,102.06,518
0x575aa273,27.31,14,418,102.06,517
0x575aa275,27.31,12,524,102.06,517
0x575aa277,27.25,14,526,102.05,519
0x575aa277,27.31,14,380,102.06,520
0x575aa279,27.38,14,544,102.06,515
0x575aa27b,27.31,14,545,102.05,516
0x575aa27c,27.31,14,472,102.05,517
0x575aa27d,27.38,14,475,102.06,516
0x575aa27f,27.38,14,489,102.06,520
0x575aa280,27.31,14,439,102.06,518
0x575aa281,27.38,14,556,102.06,515
0x575aa283,27.38,14,421,102.06,520
0x575aa285,27.31,14,481,102.06,517
0x575aa286,27.31,14,550,102.06,517
0x575aa288,27.31,14,475,102.06,519
0x575aa28a,27.31,14,401,102.05,520
0x575aa28b,27.38,14,506,102.06,518
0x575aa28d,27.31,13,504,102.05,516
0x575aa28f,27.38,14,550,102.06,518
0x575aa291,27.38,14,522,102.06,521
0x575aa292,27.38,14,532,102.06,516
0x575aa294,27.38,14,531,102.06,517
0x575aa296,27.38,14,525,102.06,516
0x575aa296,27.38,14,515,102.06,517
0x575aa298,27.38,14,455,102.07,520
0x575aa299,27.38,13,538,102.06,519
0x575aa29a,27.38,14,504,102.06,519
0x575aa29c,27.38,14,530,102.06,518
0x575aa29e,27.38,14,552,102.06,517
0x575aa2a0,27.31,14,410,102.05,515
0x575aa2a0,27.31,14,535,102.05,515
0x575aa2a2,27.38,14,540,102.06,517
0x575aa2a4,27.38,14,484,102.06,519
0x575aa2a5,27.38,14,521,102.06,515
0x575aa2a7,27.38,12,483,102.06,518
0x575aa2a9,27.38,14,556,102.06,517
0x575aa2aa,27.38,14,563,102.06,516
0x575aa2ac,27.38,14,512,102.06,522
0x575aa2ae,27.38,14,479,102.06,518
0x575aa2af,27.38,14,537,102.06,516
0x575aa2b1,27.38,14,516,102.06,518
0x575aa2b3,27.38,13,523,102.06,516
0x575aa2b5,27.38,14,496,102.06,517
0x575aa2b6,27.38,14,521,102.05,517
0x575aa2b8,27.38,13,475,102.06,518
0x575aa2ba,27.38,13,494,102.06,514
0x575aa2bb,27.38,14,506,102.06,514
0x575aa2bc,27.38,14,460,102.05,519
0x575aa2be,27.38,14,525,102.06,511
0x575aa2be,27.38,14,521,102.06,514
0x575aa2c0,27.44,14,460,102.06,513
0x575aa2c2,27.38,13,473,102.05,515
0x575aa2c3,27.44,14,495,102.06,517
0x575aa2c5,27.38,14,520,102.06,514
0x575aa2c7,27.38,13,519,102.06,516
0x575aa2c9,27.38,14,477,102.05,519
0x575aa2c9,27.38,14,466,102.06,515
0x575aa2cb,27.44,13,539,102.06,514
0x575aa2cd,27.38,13,376,102.06,517
0x575aa2cd,27.38,14,518,102.06,516
0x575aa352,27.19,14,477,102.06,510
0x575aa354,27.25,14,522,102.06,511
0x575aa356,27.19,14,416,102.06,511
0x575aa357,27.19,14,580,102.05,510
0x575aa359,27.19,14,541,102.06,510
0x575aa35b,27.25,14,510,102.06,514
0x575aa35c,27.19,14,533,102.05,513
0x575aa35d,27.25,14,430,102.06,511
0x575aa35f,27.25,14,474,102.06,511
0x575aa35f,27.25,14,533,102.06,512
0x575aa361,27.25,14,543,102.06,511
0x575aa363,27.25,14,544,102.06,510
0x575aa365,27.25,14,519,102.06,509
0x575aa366,27.25,14,530,102.06,510
0x575aa368,27.25,14,469,102.06,508
0x575aa36a,27.25,14,595,102.06,508
0x575aa36a,27.25,14,389,102.06,508
0x575aa36c,27.25,14,475,102.05,512
0x575aa36e,27.25,14,503,102.05,510
0x575aa36f,27.25,14,462,102.06,511
0x575aa370,27.25,10,424,102.06,510
0x575aa371,27.25,14,396,102.06,513
0x575aa372,27.31,14,463,102.06,509
0x575aa374,27.25,14,509,102.06,510
0x575aa376,27.25,14,388,102.05,510
0x575aa378,27.25,13,455,102.05,510
0x575aa379,27.25,14,502,102.06,511
0x575aa37b,27.25,14,459,102.05,511
0x575aa37c,27.25,14,500,102.06,509
0x575aa37d,27.25,14,423,102.05,509
0x575aa37e,27.25,13,563,102.06,509
0x575aa380,27.25,14,528,102.06,511
0x575aa381,27.25,14,557,102.06,513
0x575aa382,27.25,14,523,102.06,510
0x575aa384,27.31,14,460,102.06,511
0x575aa384,27.25,14,360,102.06,513
0x575aa4e2,26.69,5,392,102.07,572
0x575aa4e4,26.69,5,394,102.07,570
0x575aa4e5,26.75,5,418,102.07,574
0x575aa4e7,26.75,5,412,102.07,570
0x575aa4e9,26.75,6,393,102.07,573
0x575aa4e9,26.69,6,395,102.07,572
0x575aa4eb,26.75,7,398,102.07,572
0x575aa4ec,26.75,6,395,102.07,573
0x575aa4ed,26.75,5,396,102.07,572
0x575aa4ef,26.75,5,396,102.07,573
0x575aa4f1,26.69,6,389,102.07,571
0x575aa4f3,26.69,6,393,102.06,572
0x575aa4f3,26.75,5,491,102.07,571
0x575aa4f5,26.75,6,400,102.07,576
0x575aa4f7,26.69,6,533,102.07,574
0x575aa4f7,26.75,6,594,102.07,575
0x575aa4f9,26.75,6,399,102.07,572
0x575aa4fb,26.75,6,401,102.07,573
0x575aa4fc,26.75,6,492,102.07,573
0x575aa4fd,26.75,6,414,102.07,573
0x575aa4ff,26.75,6,406,102.07,573
0x575aa500,26.75,7,401,102.07,570
0x575aa501,26.75,6,393,102.07,572
0x575aa503,26.75,6,397,102.07,577
0x575aa505,26.75,6,393,102.06,575
0x575aa506,26.69,6,397,102.06,572
0x575aa508,26.75,6,391,102.07,572
0x575aa50a,26.75,7,393,102.07,576
0x575aa50c,26.75,7,395,102.07,575
0x575aa50c,26.75,6,394,102.07,575
0x575aa50e,26.75,7,391,102.06,574
0x575aa50f,26.75,6,425,102.07,575
0x575aa510,26.75,5,396,102.07,573
0x575aa512,26.69,5,397,102.06,573
0x575aa514,26.75,5,514,102.07,573
0x575aa515,26.75,6,428,102.07,572
0x575aa517,26.69,6,394,102.06,574
0x575aa519,26.75,6,395,102.07,573
0x575aa51b,26.81,5,403,102.08,572
0x575aa51c,26.75,6,410,102.07,573
0x575aa51e,26.75,6,398,102.07,577
0x575aa520,26.75,5,393,102.07,578
0x575aa520,26.75,6,434,102.06,574
0x575aa521,26.75,5,393,102.07,577
0x575aa523,26.81,6,401,102.07,576
0x575aa525,26.75,6,511,102.07,571
0x575aa526,26.75,5,396,102.07,575
0x575aa528,26.75,6,392,102.07,577
0x575aa52a,26.75,6,417,102.07,573
0x575aa52b,26.69,6,403,102.06,572
0x575aa52d,26.75,6,399,102.06,572
0x575aa52f,26.81,6,400,102.07,572
0x575aa531,26.75,6,395,102.07,573
0x575aa532,26.81,5,439,102.07,574
0x575aa534,26.75,6,400,102.06,576
0x575aa536,26.75,6,400,102.06,572
0x575aa537,26.75,6,413,102.06,574
0x575aa539,26.75,5,393,102.07,576
0x575aa53b,26.75,6,400,102.07,576
0x575aa53d,26.75,6,427,102.06,572
0x575aa53e,26.75,6,399,102.06,572
0x575aa540,26.75,7,395,102.06,573
0x575aa542,26.75,6,396,102.07,572
0x575aa543,26.75,6,414,102.07,576
0x575aa545,26.75,6,426,102.06,576
0x575aa547,26.75,6,392,102.06,572
0x575aa548,26.75,6,457,102.06,541
0x575aa549,26.69,6,540,102.06,576
0x575aa54b,26.75,6,398,102.07,573
0x575aa54d,26.75,6,416,102.07,573
0x575aa54d,26.75,6,397,102.06,576
0x575aa54f,26.75,6,399,102.06,572
0x575aa551,26.75,6,395,102.06,575
0x575aa552,26.75,6,391,102.06,577
0x575aa554,26.75,6,428,102.07,576
0x575aa556,26.75,6,392,102.07,574
0x575aa557,26.75,6,395,102.07,579
0x575aa559,26.75,5,390,102.07,576
0x575aa55b,26.75,6,472,102.06,577
0x575aa55c,26.75,5,394,102.06,575
0x575aa55d,26.81,5,402,102.07,574
0x575aa55f,26.75,5,525,102.06,578
0x575aa561,26.75,5,420,102.07,575
0x575aa562,26.75,6,421,102.06,577
0x575aa564,26.75,6,401,102.06,576
0x575aa566,26.75,6,399,102.06,576
0x575aa568,26.75,6,427,102.06,574
0x575aa568,26.81,6,633,102.07,579
0x575aa56a,26.81,5,458,102.07,577
0x575aa56c,26.75,5,407,102.06,577
0x575aa56d,26.75,5,395,102.06,577
0x575aa56e,26.75,5,438,102.06,579
0x575aa570,26.75,6,675,102.06,575
0x575aa571,26.75,6,491,102.06,574
0x575aa573,26.81,5,406,102.07,576
0x575aa575,26.81,5,398,102.07,573
0x575aa577,26.75,5,393,102.06,574
0x575aa577,26.75,6,451,102.06,575
0x575aa579,26.81,6,428,102.06,576
0x575aa57b,26.75,5,513,102.06,572
0x575aa57c,26.81,5,569,102.07,577
0x575aa57e,26.81,6,608,102.06,576
0x575aa580,26.75,6,431,102.06,574
0x575aa582,26.75,6,394,102.06,575
0x575aa583,26.81,6,503,102.07,574
0x575aa585,26.81,6,541,102.07,572
0x575aa587,26.75,6,503,102.06,575
0x575aa587,26.81,6,454,102.06,576
0x575aa589,26.88,6,408,102.07,575
0x575aa58b,26.81,7,418,102.06,574
0x575aa58c,26.81,7,397,102.06,573
0x575aa58e,26.75,6,405,102.06,574
0x575aa58f,26.81,6,440,102.07,575
0x575aa591,26.81,6,484,102.07,575
0x575aa592,26.81,7,424,102.06,570
0x575aa593,26.81,6,534,102.06,574
0x575aa595,26.81,6,515,102.06,573
0x575aa597,26.75,6,493,102.06,575
0x575aa598,26.81,7,543,102.07,570
0x575aa59a,26.81,6,484,102.06,575
0x575aa59c,26.81,5,524,102.06,574
0x575aa59d,26.81,6,505,102.06,571
0x575aa59f,26.81,6,599,102.06,573
0x575aa5a1,26.81,5,592,102.07,573
0x575aa5a2,26.81,6,577,102.06,576
0x575aa5a4,26.81,7,438,102.06,571
0x575aa5a6,26.81,6,394,102.07,572
0x575aa5a8,26.81,7,414,102.07,575
0x575aa5a9,26.75,6,398,102.06,573
0x575aa5ab,26.81,6,394,102.07,575
0x575aa5ad,26.75,6,407,102.06,572
0x575aa5ae,26.81,7,394,102.07,571
0x575aa5b0,26.81,6,393,102.06,571
0x575aa5b2,26.81,6,393,102.07,574
0x575aa5b3,26.81,6,414,102.06,575
0x575aa5b3,26.81,6,406,102.06,571
0x575aa5b5,26.88,6,403,102.07,574
0x575aa5b7,26.81,6,400,102.06,571
0x575aa5b8,26.81,6,397,102.06,569
0x575aa5b9,26.75,5,425,102.06,569
0x575aa5bb,26.81,5,408,102.06,569
0x575aa5bc,26.81,6,391,102.06,575
0x575aa5be,26.81,6,404,102.06,574
0x575aa5c0,26.75,6,390,102.06,573
0x575aa5c1,26.75,6,420,102.06,575
0x575aa5c2,26.81,5,405,102.06,572
0x575aa5c4,26.81,5,621,102.06,571
0x575aa5c6,26.75,7,600,102.06,570
0x575aa5c7,26.75,6,547,102.06,571
0x575aa5c9,26.75,6,496,102.06,572
0x575aa5cb,26.75,5,494,102.06,571
0x575aa5cc,26.75,5,515,102.06,570
0x575aa5ce,26.75,6,507,102.06,572
0x575aa5cf,26.69,6,477,102.06,572
0x575aa5d1,26.75,5,453,102.06,570
0x575aa5d2,26.75,5,422,102.06,575
0x575aa5d4,26.69,6,477,102.06,573
0x575aa5d6,26.69,6,411,102.06,573
0x575aa5d8,26.69,6,541,102.06,573
0x575aa5d9,26.63,5,505,102.06,573
0x575aa5db,26.63,6,453,102.06,575
0x575aa5dd,26.63,5,383,102.06,572
0x575aa5de,26.63,5,395,102.06,574
0x575aa5e0,26.63,5,398,102.06,572
0x575aa5e2,26.63,6,395,102.06,573
0x575aa5e3,26.56,5,466,102.05,569
0x575aa5e5,26.69,6,477,102.07,575
0x575aa5e7,26.63,5,547,102.06,571
0x575aa5e9,26.63,5,501,102.07,572
0x575aa5eb,26.63,6,470,102.06,571
0x575aa5ec,26.63,6,394,102.06,572
0x575aa5ee,26.63,6,400,102.06,576
0x575aa5f0,26.63,6,401,102.05,572
0x575aa5f1,26.63,6,409,102.06,576
0x575aa5f3,26.63,6,410,102.06,578
0x575aa5f5,26.63,5,413,102.06,573
0x575aa5f7,26.63,6,480,102.06,574
0x575aa5f8,26.63,6,395,102.06,573
0x575aa5fa,26.63,6,550,102.06,579
0x575aa5fc,26.63,7,586,102.06,573
0x575aa5fe,26.63,6,570,102.05,572
0x575aa5ff,26.63,6,608,102.06,577
0x575aa601,26.63,7,571,102.06,574
0x575aa602,26.63,6,528,102.06,573
0x575aa603,26.63,6,554,102.06,570
0x575aa605,26.63,6,489,102.06,575
0x575aa607,26.63,6,421,102.06,574
0x575aa608,26.63,7,514,102.06,577
0x575aa60a,26.63,6,533,102.06,575
0x575aa60c,26.63,6,538,102.06,573
0x575aa60e,26.63,6,486,102.06,573
0x575aa60f,26.56,6,603,102.05,577
0x575aa611,26.56,6,431,102.05,574
0x575aa613,26.63,6,463,102.06,575
0x575aa614,26.63,6,585,102.06,575
0x575aa616,26.56,6,414,102.06,577
0x575aa618,26.56,6,475,102.05,577
0x575aa619,26.56,6,400,102.06,578
0x575aa61b,26.56,5,405,102.05,574
0x575aa61d,26.56,6,421,102.06,573
0x575aa61f,26.56,6,412,102.05,578
0x575aa620,26.63,6,535,102.06,579
0x575aa621,26.56,6,416,102.06,577
0x575aa623,26.63,5,414,102.06,576
0x575aa624,26.63,6,433,102.06,576
0x575aa626,26.56,6,549,102.05,574
0x575aa628,26.63,6,492,102.06,577
0x575aa62a,26.56,6,504,102.05,572
0x575aa62b,26.56,6,414,102.05,576
0x575aa62d,26.56,6,399,102.06,574
0x575aa62f,26.56,7,398,102.05,575
0x575aa62f,26.63,6,398,102.06,577
0x575aa631,26.63,6,420,102.05,574
0x575aa633,26.63,6,399,102.06,577
0x575aa633,26.56,6,525,102.06,575
0x575aa634,26.63,6,406,102.06,575
0x575aa636,26.63,6,397,102.06,578
0x575aa638,26.56,6,399,102.05,575
0x575aa639,26.56,6,409,102.05,578
0x575aa63b,26.56,6,398,102.05,574
0x575aa63c,26.56,5,393,102.06,567
0x575aa63d,26.63,6,397,102.06,575
0x575aa63f,26.56,7,392,102.05,577
0x575aa641,26.56,7,711,102.05,578
0x575aa642,26.56,6,395,102.05,577
0x575aa644,26.56,7,468,102.05,574
0x575aa646,26.56,6,714,102.06,574
0x575aa649,26.56,6,423,102.06,575
0x575aa649,26.56,6,425,102.05,574
0x575aa64b,26.63,7,397,102.06,577
0x575aa64c,26.56,6,402,102.06,578
0x575aa64d,26.56,6,406,102.05,576
0x575aa64f,26.50,6,404,102.05,575
0x575aa651,26.50,6,406,102.05,573
0x575aa653,26.50,7,568,102.05,575
0x575aa654,26.56,7,427,102.06,576
0x575aa656,26.63,6,395,102.07,576
0x575aa658,26.56,6,392,102.05,579
0x575aa659,26.56,6,395,102.05,574
0x575aa65b,26.56,6,393,102.05,575
0x575aa65d,26.56,6,394,102.06,579
0x575aa65e,26.50,7,394,102.05,580
0x575aa660,26.56,6,392,102.06,580
0x575aa662,26.56,6,401,102.05,576
0x575aa664,26.56,6,390,102.05,580
0x575aa664,26.56,7,389,102.05,580
0x575aa666,26.63,7,398,102.06,579
0x575aa668,26.56,7,410,102.05,579
0x575aa669,26.56,6,392,102.05,579
0x575aa66b,26.56,6,396,102.05,575
0x575aa66d,26.50,6,390,102.05,578
0x575aa66f,26.56,5,395,102.05,578
0x575aa670,26.56,6,390,102.06,578
0x575aa672,26.50,5,401,102.05,577
0x575aa674,26.50,6,395,102.05,575
0x575aa675,26.50,6,389,102.05,576
0x575aa676,26.50,6,400,102.05,576
0x575aa678,26.56,7,399,102.06,576
0x575aa678,26.50,7,397,102.05,580
0x575aa67a,26.56,6,391,102.05,577
0x575aa67b,26.56,6,389,102.06,577
0x575aa67b,26.56,6,395,102.05,580
0x575aa67c,26.56,6,394,102.06,576
0x575aa67d,26.63,7,393,102.06,579
0x575aa67f,26.63,6,396,102.06,578
0x575aa680,26.56,5,399,102.06,576
0x575aa682,26.56,6,398,102.05,580
0x575aa684,26.56,5,392,102.05,576
0x575aa685,26.56,6,391,102.06,577
0x575aa687,26.56,6,395,102.05,580
0x575aa689,26.50,6,395,102.05,576
0x575aa68a,26.50,6,392,102.05,578
0x575aa68c,26.50,6,399,102.05,579
0x575aa68e,26.50,6,392,102.05,581
0x575aa690,26.50,7,394,102.05,576
0x575aa691,26.56,7,398,102.06,576
0x575aa693,26.56,6,391,102.06,579
0x575aa695,26.50,6,395,102.05,581
0x575aa696,26.50,6,399,102.05,576
0x575aa698,26.50,7,392,102.05,577
0x575aa69a,26.50,6,395,102.05,578
0x575aa69c,26.50,7,392,102.05,576
0x575aa69d,26.50,7,397,102.05,580
0x575aa69f,26.50,7,392,102.05,579
0x575aa6a1,26.50,7,397,102.05,582
0x575aa6a2,26.50,7,400,102.06,575
0x575aa6a4,26.44,7,397,102.05,577
0x575aa6a6,26.50,6,394,102.05,580
0x575aa6a7,26.44,7,390,102.05,580
0x575aa6a9,26.50,7,392,102.06,576
0x575aa6ab,26.50,7,394,102.05,581
0x575aa6ad,26.50,6,394,102.06,578
0x575aa6ae,26.50,7,395,102.05,578
0x575aa6af,26.50,6,394,102.05,581
0x575aa6b0,26.50,7,391,102.06,583
0x575aa6b1,26.50,6,388,102.05,579
0x575aa6b3,26.50,7,400,102.06,582
0x575aa6b5,26.50,7,393,102.05,582
0x575aa6b7,26.50,7,396,102.05,579
0x575aa6b8,26.50,7,402,102.06,577
0x575aa6ba,26.50,6,396,102.05,577
0x575aa6bc,26.50,6,392,102.05,578
0x575aa6bc,26.50,6,396,102.06,577
0x575aa6be,26.50,6,395,102.06,563
0x575aa6c0,26.50,7,398,102.05,582
0x575aa6c1,26.50,6,391,102.05,581
0x575aa6c3,26.44,6,390,102.05,582
0x575aa6c5,26.50,6,401,102.05,582
0x575aa6c7,26.50,7,396,102.05,577
0x575aa6c8,26.44,7,390,102.05,578
0x575aa6ca,26.44,4,398,102.05,580
0x575aa6cc,26.44,6,397,102.05,580
0x575aa6ce,26.50,6,398,102.06,582
0x575aa6ce,26.44,7,394,102.05,580
0x575aa6cf,26.50,6,393,102.06,578
0x575aa6d1,26.50,6,397,102.05,579
0x575aa6d2,26.50,7,401,102.06,579
0x575aa6d4,26.44,6,392,102.06,582
0x575aa6d6,26.44,6,393,102.05,576
0x575aa6d7,26.50,6,391,102.06,579
0x575aa6d9,26.44,6,392,102.05,577
0x575aa6db,26.44,6,395,102.06,579
0x575aa6dd,26.44,6,393,102.06,578
0x575aa6de,26.44,6,399,102.05,579
0x575aa6e0,26.44,6,429,102.05,581
0x575aa6e2,26.44,6,395,102.06,580
0x575aa6e2,26.44,7,393,102.06,579
0x575aa6e3,26.44,6,395,102.05,577
0x575aa6e4,26.44,5,391,102.05,576
0x575aa6e5,26.44,6,395,102.05,577
0x575aa6e6,26.44,7,395,102.05,578
0x575aa6e8,26.44,7,397,102.06,584
0x575aa6e9,26.38,6,396,102.05,580
0x575aa6eb,26.38,6,391,102.05,577
0x575aa6ed,26.44,6,395,102.05,580
0x575aa6ef,26.44,6,407,102.05,580
0x575aa6f0,26.44,6,394,102.05,581
0x575aa6f2,26.38,6,393,102.05,581
0x575aa6f4,26.38,6,394,102.05,583
0x575aa6f5,26.38,6,402,102.05,577
0x575aa6f7,26.38,6,391,102.05,578
0x575aa6f9,26.44,7,393,102.05,580
0x575aa6fb,26.38,6,394,102.05,578
0x575aa6fd,26.38,5,395,102.05,579
0x575aa6ff,26.38,6,393,102.05,581
0x575aa700,26.38,5,393,102.06,577
0x575aa702,26.38,5,391,102.05,577
0x575aa704,26.38,6,394,102.05,582
0x575aa706,26.38,6,394,102.05,579
0x575aa706,26.38,6,398,102.05,576
0x575aa708,26.38,6,396,102.06,577
0x575aa70a,26.31,6,391,102.05,582
0x575aa70b,26.38,7,395,102.05,577
0x575aa70d,26.38,6,394,102.05,577
0x575aa70f,26.31,6,395,102.04,577
0x575aa711,26.38,6,390,102.05,581
0x575aa712,26.38,7,397,102.05,583
0x575aa714,26.38,7,388,102.05,579
0x575aa716,26.38,7,390,102.05,582
0x575aa717,26.38,7,389,102.05,580
0x575aa719,26.31,7,396,102.05,578
0x575aa71b,26.38,6,408,102.05,579
0x575aa71d,26.31,6,556,102.05,578
0x575aa71e,26.38,6,403,102.06,577
0x575aa720,26.31,6,484,102.05,577
0x575aa722,26.31,6,488,102.05,582
0x575aa723,26.38,6,521,102.05,581
0x575aa724,26.38,7,596,102.05,578
0x575aa726,26.44,6,594,102.06,578
0x575aa727,26.38,6,427,102.05,580
0x575aa729,26.31,6,600,102.05,580
0x575aa72b,26.38,5,549,102.06,576
0x575aa72d,26.38,7,626,102.05,579
0x575aa72e,26.38,5,490,102.06,579
0x575aa730,26.38,6,485,102.05,578
0x575aa732,26.38,6,408,102.06,577
0x575aa733,26.38,5,401,102.05,581
0x575aa735,26.38,6,393,102.05,576
0x575aa737,26.44,6,393,102.06,582
0x575aa739,26.38,6,405,102.05,581
0x575aa73a,26.38,6,394,102.05,580
0x575aa73c,26.44,6,391,102.05,577
0x575aa73e,26.44,6,398,102.05,579
0x575aa740,26.44,6,392,102.05,582
0x575aa741,26.44,6,398,102.05,580
0x575aa743,26.44,7,394,102.05,577
0x575aa745,26.44,6,395,102.05,583
0x575aa745,26.44,6,396,102.05,583
0x575aa747,26.50,6,392,102.05,579
0x575aa749,26.44,5,401,102.05,582
0x575aa749,26.38,6,395,102.05,582
0x575aa74b,26.44,6,395,102.05,581
0x575aa74d,26.44,5,406,102.05,582
0x575aa74f,26.44,5,401,102.06,579
0x575aa750,26.44,6,400,102.06,578
0x575aa751,26.38,5,408,102.05,583
0x575aa753,26.44,5,425,102.05,578
0x575aa754,26.44,5,395,102.06,581
0x575aa756,26.44,5,404,102.05,579
0x575aa758,26.44,5,415,102.05,581
0x575aa75a,26.50,5,398,102.06,582
0x575aa75b,26.44,5,399,102.05,581
0x575aa75d,26.44,5,476,102.05,578
0x575aa75f,26.44,6,536,102.05,581
0x575aa75f,26.50,6,535,102.06,578
0x575aa761,26.50,6,397,102.06,582
0x575aa763,26.50,6,398,102.06,591
0x575aa764,26.38,5,396,102.04,579
0x575aa766,26.44,6,394,102.05,581
0x575aa768,26.38,5,394,102.05,576
0x575aa76a,26.44,6,415,102.06,580
0x575aa76b,26.38,6,393,102.05,580
0x575aa76d,26.38,6,393,102.05,580
0x575aa76f,26.38,6,394,102.05,577
0x575aa770,26.38,6,409,102.05,581
0x575aa772,26.31,5,617,102.04,576
0x575aa774,26.38,6,410,102.04,581
0x575aa776,26.38,5,527,102.05,581
0x575aa778,26.38,6,395,102.05,583
0x575aa779,26.44,6,499,102.06,609
0x575aa77b,26.44,6,714,102.05,578
0x575aa77d,26.44,6,395,102.05,578
0x575aa77e,26.38,6,398,102.04,583
0x575aa780,26.44,6,400,102.05,580
0x575aa782,26.44,6,400,102.05,582
0x575aa784,26.38,6,399,102.05,580
0x575aa785,26.44,7,409,102.05,579
0x575aa787,26.38,6,714,102.05,580
0x575aa789,26.38,6,428,102.05,581
0x575aa78a,26.38,6,533,102.05,581
0x575aa78c,26.38,6,444,102.05,579
0x575aa78d,26.31,7,527,102.04,581
0x575aa78f,26.44,7,435,102.06,580
0x575aa790,26.38,7,416,102.06,582
0x575aa792,26.44,6,423,102.06,581
0x575aa794,26.38,7,400,102.05,580
0x575aa795,26.44,8,428,102.05,581
0x575aa796,26.38,6,406,102.05,582
0x575aa798,26.44,7,429,102.05,580
0x575aa79a,26.44,7,405,102.06,579
0x575aa79b,26.38,7,412,102.05,583
0x575aa79d,26.38,6,400,102.05,579
0x575aa79f,26.38,6,423,102.05,580
0x575aa7a0,26.44,7,472,102.06,584
0x575aa7a2,26.38,7,408,102.05,578
0x575aa7a4,26.44,6,398,102.06,582
0x575aa7a6,26.44,6,476,102.06,577
0x575aa7a7,26.44,6,452,102.06,579
0x575aa7a8,26.44,5,519,102.05,580
0x575aa7aa,26.50,5,405,102.06,579
0x575aa7ab,26.44,6,529,102.06,582
0x575aa7ac,26.44,6,418,102.06,579
0x575aa7ae,26.44,6,401,102.05,581
0x575aa7b0,26.44,6,437,102.06,580
0x575aa7b1,26.38,6,412,102.05,579
0x575aa7b3,26.44,6,407,102.05,583
0x575aa7b5,26.38,6,714,102.05,581
0x575aa7b6,26.44,6,402,102.05,624
0x575aa7b8,26.44,6,418,102.05,578
0x575aa7ba,26.44,6,403,102.05,583
0x575aa7bc,26.44,7,399,102.06,579
0x575aa7bd,26.44,7,412,102.05,584
0x575aa7bf,26.44,7,402,102.05,583
0x575aa7c1,26.44,7,400,102.05,580
0x575aa7c2,26.44,6,423,102.05,583
0x575aa7c4,26.44,6,463,102.05,582
0x575b990d,24.69,9,390,102.09,504
0x575b990d,24.69,8,426,102.09,494
0x575b990e,24.69,10,507,102.09,50
0x575b9910,24.69,12,513,102.08,496
0x575b9911,24.69,10,407,102.09,494
0x575b9913,24.69,10,457,102.08,499
0x575b9915,24.75,11,386,102.09,497
0x575b9917,24.75,12,448,102.09,502
0x575b9918,24.69,11,436,102.08,496
0x575b991a,24.75,13,528,102.09,495
0x575b991b,24.75,11,532,102.09,492
0x575b991c,24.75,9,542,102.09,501
0x575b991d,24.75,7,433,102.09,498
0x575b991f,24.75,9,495,102.09,495
0x575b9920,24.81,9,527,102.09,497
0x575b9922,24.75,11,383,102.09,50
0x575b9923,24.69,11,449,102.08,500
0x575b9924,24.75,12,542,102.09,496
0x575b9926,24.75,9,390,102.09,499
0x575b9928,24.75,10,410,102.09,50
0x575b9928,24.75,12,408,102.09,497
0x575b992a,24.81,11,408,102.09,508
0x575b992c,24.75,11,412,102.09,499
0x575b992e,24.75,11,417,102.08,494
0x575b992e,24.75,9,383,102.09,497
0x575b9930,24.81,9,443,102.10,500
0x575b9932,24.69,11,446,102.08,49
0x575b9933,24.75,7,424,102.09,502
0x575b9934,24.75,10,393,102.08,49
0x575b9935,24.81,10,432,102.10,494
0x575b9936,24.75,11,479,102.08,499
0x575b9938,24.75,10,438,102.09,498
0x575b993a,24.75,7,398,102.09,494
0x575b993b,24.81,9,469,102.09,495
0x575b993d,24.75,8,501,102.09,501
0x575b993f,24.75,8,389,102.09,497
0x575b9941,24.75,9,440,102.09,496
0x575b9cc2,24.94,12,381,102.09,504
0x575b9cc3,24.88,12,437,102.09,506
0x575b9cc5,24.94,9,428,102.08,498
0x575b9cc5,24.88,10,386,102.09,50
0x575b9cc7,24.88,11,485,102.08,509
0x575b9cc9,24.94,10,498,102.09,500
0x575b9cca,24.88,9,394,102.09,504
0x575b9ccc,24.88,9,398,102.08,501
0x575b9cd9,24.88,10,398,102.09,50
0x575b9cd9,24.81,9,405,102.08,505
0x575b9cdb,24.88,11,394,102.09,50
0x575b9cdd,24.88,9,380,102.10,500
0x575b9cde,24.88,9,388,102.09,500
0x575b9ce0,24.88,10,384,102.09,49
0x575b9cfc,24.88,8,444,102.09,502
0x575b9cfd,24.75,10,416,102.09,50
0x575b9cff,24.81,11,514,102.09,506
0x575b9d00,24.81,10,399,102.09,495
0x575b9d02,24.75,10,528,102.08,508
0x575b9d04,24.75,8,501,102.08,497
0x575b9d06,24.75,13,517,102.09,51
0x575b9d06,24.81,11,480,102.09,508
0x575b9d07,24.81,7,550,102.09,502
0x575b9d08,24.81,12,522,102.09,50
0x575b9d09,24.81,10,429,102.08,504
0x575b9d0a,24.81,13,519,102.09,506
0x575b9d0c,24.75,11,448,102.08,508
0x575b9d0d,24.75,11,478,102.09,499
0x575b9d0f,24.81,11,493,102.09,504
0x575b9d11,24.75,10,477,102.09,507
0x575b9d13,24.75,9,523,102.09,501
0x575b9d14,24.75,11,419,102.08,50
0x575b9d16,24.75,11,453,102.09,504
0x575b9d18,24.75,9,485,102.09,511
0x575b9d19,24.75,7,476,102.08,501
0x575b9d1a,24.75,7,469,102.08,508
0x575b9d1c,24.75,11,398,102.08,49
0x575b9d1c,24.75,10,399,102.10,503
0x575b9d1e,24.75,8,387,102.09,505
0x575b9d20,24.75,8,432,102.09,504
0x575b9d20,24.69,11,533,102.08,50
0x575b9d22,24.81,10,464,102.10,499
0x575b9d24,24.69,9,475,102.08,509
0x575b9d25,24.69,11,406,102.09,50
0x575b9d26,24.75,8,446,102.09,508
0x575b9d28,24.69,9,398,102.08,500
0x575b9d2a,24.75,12,440,102.09,50
0x575b9d2a,24.69,11,441,102.08,508
0x575b9d2c,24.75,9,459,102.10,501
0x575b9d2e,24.69,11,483,102.09,49
0x575b9d30,24.75,10,627,102.09,498
0x575b9d31,24.69,14,408,102.09,504
0x575b9d33,24.75,9,388,102.09,505
0x575b9d35,24.69,9,385,102.08,504
0x575b9d37,24.75,10,397,102.09,50
0x575b9d38,24.75,14,385,102.09,506
0x575b9d3a,24.75,11,442,102.08,497
0x575b9d3c,24.75,12,409,102.09,496
0x575b9d3e,24.75,12,387,102.08,496
0x575b9d40,24.75,14,389,102.08,509
0x575b9d41,24.75,11,378,102.09,505
0x575b9d43,24.75,12,408,102.08,506
0x575b9d45,24.75,10,382,102.08,507
0x575b9d47,24.75,9,394,102.08,504
0x575b9d49,24.75,13,400,102.09,49
0x575b9d4a,24.81,12,378,102.09,502
0x575b9d4c,24.75,9,448,102.08,498
0x575b9d4e,24.75,14,382,102.08,50
0x575b9d50,24.69,13,388,102.08,511
0x575b9d52,24.75,12,383,102.08,501
0x575b9d54,24.75,9,437,102.08,505
0x575b9d55,24.75,11,388,102.09,50
0x575b9d57,24.75,13,394,102.08,501
0x575b9d59,24.81,12,386,102.09,506
0x575b9d5b,24.81,13,385,102.09,512
0x575b9d5c,24.81,14,389,102.09,507
0x575b9d5e,24.81,10,385,102.09,534
0x575b9d60,24.81,11,382,102.09,505
0x575b9d62,24.81,10,380,102.09,506
0x575b9d62,24.81,13,382,102.09,507
0x575b9d64,24.88,12,382,102.09,506
0x575b9d66,24.81,11,391,102.09,513
0x575b9d67,24.81,13,391,102.09,496
0x575b9d69,24.88,8,392,102.09,509
0x575b9d6a,24.88,10,380,102.09,50
0x575b9d6d,24.88,14,389,102.09,506
0x575b9d6f,24.81,15,398,102.08,509
0x575b9d70,24.88,9,388,102.09,504
0x575b9d72,24.88,10,386,102.09,50
0x575b9d74,24.81,12,388,102.08,510
0x575b9d76,24.81,13,393,102.08,502
0x575b9d78,24.88,9,390,102.09,508
0x575b9d79,24.94,13,378,102.10,50
0x575b9d7b,24.88,10,399,102.09,506
0x575b9d7d,24.88,11,395,102.09,504
0x575b9d7f,24.88,12,387,102.09,509
0x575b9d7f,24.88,13,525,102.09,508
0x575b9d81,24.94,11,455,102.09,500
0x575b9d83,24.88,12,485,102.08,505
0x575b9d84,24.94,10,425,102.09,510
0x575b9d86,24.94,9,452,102.09,506
0x575b9d87,24.94,9,520,102.09,501
0x575b9d88,24.94,10,463,102.09,50
0x575b9d89,24.94,11,496,102.09,513
0x575b9d8b,25.00,10,523,102.10,506
0x575b9d8d,24.94,12,540,102.09,511
0x575b9d8e,24.94,8,538,102.09,512
0x575b9d90,24.94,11,529,102.09,50
0x575b9d92,24.94,11,538,102.09,501
0x575b9d93,25.00,11,537,102.09,508
0x575b9d95,24.94,7,465,102.09,507
0x575b9d96,25.00,9,528,102.10,506
0x575b9d97,25.00,11,608,102.10,50
0x575b9d98,24.94,11,425,102.09,508
0x575b9d9a,25.00,7,427,102.10,509
0x575b9d9b,24.94,11,512,102.08,50
0x575b9d9c,25.00,12,394,102.10,517
0x575b9d9e,25.00,9,642,102.09,514
0x575b9da0,24.94,9,433,102.08,508
0x575b9da1,25.00,12,532,102.09,51
0x575b9da3,24.94,11,487,102.09,512
0x575b9da5,24.94,11,466,102.09,516
0x575b9da6,24.94,9,396,102.09,506
0x575b9da8,24.94,9,550,102.09,510
0x575b9daa,24.88,9,401,102.09,510
0x575b9daa,24.94,13,425,102.09,50
0x575b9dac,25.00,10,444,102.10,512
0x575b9dae,24.94,13,380,102.09,510
0x575b9db1,24.94,9,424,102.09,510
0x575b9db2,24.94,9,500,102.09,518
0x575b9db4,24.94,8,411,102.09,511
0x575b9db6,24.94,11,494,102.09,51
0x575b9db8,24.94,11,394,102.09,510
0x575b9db9,24.94,10,479,102.09,516
0x575b9dbb,24.94,11,381,102.09,513
0x575b9dbd,24.94,7,381,102.09,521
0x575b9dbf,24.94,11,472,102.09,51
0x575b9dc0,24.94,10,380,102.09,516
0x575b9dc2,24.94,11,386,102.10,514
0x575b9dc4,24.94,11,529,102.09,510
0x575b9dc6,24.88,11,411,102.09,512
0x575b9dc8,24.94,10,453,102.10,516
0x575b9dc9,24.94,10,514,102.09,509
0x575b9dcb,24.94,12,473,102.10,513
0x575b9dcd,24.94,11,407,102.09,531
0x575b9dcf,24.94,10,386,102.10,516
0x575b9dd0,24.94,7,467,102.09,511
0x575b9dd2,24.94,9,422,102.09,520
0x575b9dd4,24.88,9,413,102.09,512
0x575b9dd4,24.94,9,489,102.09,519
0x575b9dd6,24.94,9,382,102.10,514
0x575b9dd8,24.94,12,382,102.09,52
0x575b9dda,24.94,9,467,102.09,516
0x575b9ddc,24.94,7,449,102.10,512
0x575b9dde,24.94,11,382,102.09,52
0x575b9de0,24.88,9,385,102.09,521
0x575b9de2,24.88,10,390,102.09,52
0x575b9de3,24.94,11,407,102.10,516
0x575b9de4,24.88,11,455,102.09,516
0x575b9de6,24.94,9,472,102.09,516
0x575b9de8,24.94,11,524,102.09,51
0x575b9dea,24.88,12,423,102.09,516
0x575b9def,24.94,9,507,102.09,512
0x575b9df1,24.88,12,437,102.09,51
0x575b9df3,24.88,10,384,102.08,518
0x575b9df4,24.88,13,385,102.09,517
0x575b9df5,24.94,9,495,102.10,512
0x575b9df7,24.94,15,420,102.09,51
0x575b9df9,24.94,11,468,102.10,514
0x575b9dfb,24.88,11,489,102.09,505
0x575b9dfc,24.94,11,404,102.09,517
0x575b9dfe,24.94,8,511,102.09,521
0x575b9e00,24.94,11,428,102.10,51
0x575b9e01,24.94,11,381,102.09,514
0x575b9e02,25.00,9,420,102.09,512
0x575b9e04,25.00,10,405,102.10,51
0x575b9e05,24.94,11,455,102.09,504
0x575b9e06,25.00,10,495,102.09,518
0x575ba9e1,25.00,9,467,102.09,483
0x575ba9e3,25.25,10,412,102.15,48
0x575ba9e5,25.25,11,504,102.16,481
0x575ba9e6,25.25,12,398,102.16,484
0x575ba9e7,25.31,9,437,102.16,479
0x575ba9e8,25.31,11,399,102.16,48
0x575ba9ea,25.31,11,555,102.16,489
0x575ba9eb,25.31,13,639,102.16,486
0x575ba9ec,25.31,11,503,102.16,482
0x575ba9ee,25.31,9,506,102.16,477
0x575ba9ef,25.31,10,458,102.15,48
0x575ba9f1,25.25,11,504,102.15,485
0x575ba9f2,25.31,10,518,102.16,474
0x575ba9f4,25.38,10,397,102.16,475
0x575ba9f4,25.31,9,468,102.16,485
0x575ba9f6,25.38,13,516,102.16,48
0x575ba9f8,25.31,10,483,102.16,484
0x575ba9f9,25.31,10,438,102.15,485
0x575ba9fb,25.38,9,499,102.17,485
0x575ba9fd,25.31,10,504,102.16,48
0x575ba9fd,25.31,8,513,102.16,484
0x575ba9ff,25.38,10,496,102.17,48
0x575baa01,25.38,11,426,102.17,487
0x575baa01,25.31,10,406,102.16,484
0x575baa03,25.38,12,417,102.16,479
0x575baa05,25.31,12,515,102.15,483
0x575baa06,25.31,10,434,102.16,485
0x575baa08,25.31,10,432,102.16,482
0x575baa0a,25.31,10,393,102.16,476
0x575baa0c,25.38,9,495,102.16,484
0x575baa0d,25.31,9,394,102.16,476
0x575baa0f,25.31,8,499,102.16,478
0x575baa11,25.38,14,524,102.16,48
0x575baa12,25.31,11,386,102.15,484
0x575baa14,25.31,9,507,102.15,482
0x575baa16,25.38,10,390,102.17,48
0x575baa18,25.31,9,390,102.16,485
0x575baa1a,25.31,12,387,102.15,48
0x575baa1b,25.38,9,397,102.17,483
0x575baa1d,25.38,12,387,102.16,48
0x575baa1f,25.31,11,387,102.16,484
0x575baa21,25.38,13,506,102.16,483
0x575baa23,25.38,11,639,102.16,481
0x575baa24,25.38,11,464,102.16,481
0x575baa26,25.31,9,476,102.16,478
0x575baa28,25.31,12,434,102.16,48
0x575baa2a,25.31,13,401,102.16,479
0x575baa2b,25.31,9,560,102.16,481
0x575baa2d,25.31,10,435,102.16,48
0x575baa2e,25.31,10,507,102.16,483
0x575baa30,25.38,10,397,102.16,476
0x575baa31,25.31,10,382,102.16,479
0x575baa42,25.38,11,446,102.16,478
0x575baa44,25.25,11,390,102.16,484
0x575baa46,25.31,7,381,102.17,485
0x575baa48,25.31,11,496,102.16,48
0x575baa49,25.31,10,377,102.17,482
0x575baa4b,25.31,11,540,102.17,482
0x575baa4d,25.31,9,502,102.16,485
0x575baa4e,25.31,11,510,102.16,48
0x575baa50,25.31,12,394,102.16,481
0x575baa51,25.31,10,524,102.17,488
0x575baa52,25.31,14,532,102.17,478
0x575baa53,25.31,12,529,102.16,480
0x575baa55,25.31,8,435,102.16,477
0x575baa56,25.31,12,514,102.17,48
0x575baa58,25.31,11,417,102.16,485
0x575baa59,25.31,11,435,102.17,479
0x575baa5b,25.38,11,435,102.17,474
0x575baa5c,25.25,10,494,102.15,476
0x575baa5e,25.31,12,539,102.16,478
0x575baa60,25.31,10,414,102.17,477
0x575baa60,25.25,14,449,102.16,480
0x575baa62,25.31,14,527,102.16,485
0x575baa64,25.31,11,518,102.17,481
0x575baa65,25.25,7,528,102.16,480
0x575baa67,25.31,9,639,102.17,480
0x575baa69,25.31,8,467,102.17,482
0x575baa6b,25.25,13,529,102.16,48
0x575baa6c,25.25,9,456,102.17,475
0x575baa6e,25.25,12,498,102.17,47
0x575baa70,25.25,9,451,102.17,483
0x575baa70,25.25,9,490,102.17,481
0x575baa72,25.31,12,378,102.17,47
0x575baa74,25.31,10,392,102.17,480
0x575baa76,25.31,9,516,102.17,477
0x575baa78,25.31,9,381,102.17,484
0x575baa79,25.25,12,376,102.16,47
0x575baa7b,25.25,12,424,102.17,486
0x575baa7d,25.25,11,432,102.17,478
0x575baa7f,25.25,10,400,102.17,482
0x575baa80,25.25,11,402,102.17,476
0x575baa82,25.25,10,389,102.17,482
0x575baa84,25.19,11,402,102.16,482
0x575baa86,25.19,10,374,102.16,484
0x575baa88,25.19,9,383,102.16,480
0x575baa8a,25.25,10,381,102.17,48
0x575baa8b,25.19,11,394,102.17,484
0x575baa8d,25.19,11,387,102.16,484
0x575baa8f,25.25,10,438,102.18,489
0x575baa90,25.19,11,386,102.16,488
0x575baa91,25.25,12,379,102.17,486
0x575baa93,25.25,9,391,102.17,486
0x575baa95,25.19,12,400,102.16,49
0x575baa97,25.25,9,454,102.17,486
0x575baa98,25.25,8,395,102.17,494
0x575baa9a,25.19,9,394,102.15,487
0x575baa9c,25.25,9,376,102.16,487
0x575baa9e,25.25,12,378,102.17,48
0x575baaa0,25.25,9,387,102.16,485
0x575baaa2,25.25,9,419,102.17,492
0x575baaa7,25.25,8,384,102.16,487
0x575baaa8,25.25,10,386,102.17,48
0x575baaab,25.25,12,388,102.17,486
0x575baaad,25.19,12,397,102.16,494
0x575baaae,25.25,11,379,102.17,490
0x575baab0,25.25,13,386,102.17,483
0x575baab2,25.25,12,390,102.17,483
0x575baab3,25.25,9,377,102.16,486
0x575baab6,25.25,11,386,102.16,48
0x575baab8,25.25,12,381,102.17,489
0x575baabc,25.19,11,386,102.16,484
0x575baac1,25.19,10,386,102.16,488
0x575baac3,25.19,10,431,102.16,480
0x575baac5,25.25,9,417,102.16,481
0x575baac6,25.25,11,400,102.16,49
0x575baac8,25.25,10,384,102.17,481
0x575baac9,25.25,9,424,102.17,481
0x575baaca,25.25,8,487,102.17,483
0x575baacb,25.25,10,388,102.16,48
0x575baacd,25.31,10,538,102.17,484
0x575baacf,25.25,11,426,102.16,485
0x575baad0,25.25,12,451,102.17,484
0x575baad1,25.25,10,480,102.17,490
0x575baad3,25.25,11,519,102.16,485
0x575baad4,25.25,11,386,102.16,478
0x575baad5,25.25,9,390,102.17,486
0x575baad7,25.31,9,411,102.17,495
0x575baad8,25.31,11,414,102.18,48
0x575baada,25.25,9,423,102.17,485
0x575baadc,25.25,11,471,102.16,48
0x575baade,25.25,9,427,102.17,484
0x575baadf,25.25,11,417,102.16,47
0x575baae1,25.25,13,520,102.17,483
0x575baae3,25.25,9,412,102.17,484
0x575baae3,25.25,12,423,102.17,48
0x575baae5,25.25,9,395,102.17,479
0x575baae6,25.25,11,383,102.16,48
0x575baae7,25.25,7,505,102.17,486
0x575baae9,25.25,14,407,102.17,48
0x575baaeb,25.31,9,384,102.18,484
0x575baaec,25.25,9,398,102.16,482
0x575baaee,25.25,9,387,102.17,483
0x575baaf0,25.25,10,416,102.16,48
0x575baaf2,25.25,11,385,102.17,482
0x575baaf3,25.25,12,379,102.16,492
0x575baaf7,25.19,11,388,102.17,481
0x575baaf7,25.19,11,393,102.17,483
0x575baaf9,25.25,9,503,102.18,489
0x575baafb,25.19,12,389,102.16,48
0x575baafc,25.19,11,385,102.16,482
0x575baafd,25.25,10,405,102.17,486
0x575baafe,25.25,9,389,102.17,481
0x575bab00,25.25,11,437,102.17,48
0x575bab01,25.19,10,396,102.17,483
0x575bab03,25.25,12,404,102.18,488
0x575bab05,25.19,11,394,102.17,485
0x575bab07,25.25,12,417,102.17,484
0x575bab08,25.19,14,402,102.17,485
0x575bab0a,25.19,11,436,102.17,487
0x575bab0c,25.19,11,493,102.17,488
0x575bab0e,25.19,14,521,102.17,481
0x575bab0f,25.25,10,417,102.18,485
0x575bab11,25.25,12,430,102.18,486
0x575bab12,25.19,9,456,102.16,481
0x575bab12,25.25,10,382,102.17,48
0x575bab14,25.25,9,432,102.17,486
0x575bab15,25.25,12,394,102.18,48
0x575bab17,25.25,10,507,102.17,482
0x575bab18,25.19,9,420,102.17,482
0x575bab1a,25.13,9,393,102.17,491
0x575bab1b,25.19,9,381,102.17,485
0x575bab1c,25.19,11,380,102.17,48
0x575bab1e,25.13,10,400,102.17,484
0x575bab20,25.13,10,381,102.17,488
0x575bab22,25.13,12,388,102.17,478
0x575bab23,25.13,9,381,102.17,483
0x575bab24,25.13,11,382,102.17,48
0x575bab26,25.19,10,424,102.18,481
0x575bab27,25.13,8,380,102.17,483
0x575bab29,25.13,9,385,102.17,482
0x575bab2b,25.13,12,399,102.17,48
0x575bab2d,25.13,11,467,102.17,482
0x575bab2f,25.13,11,432,102.17,485
0x575bab31,25.13,12,440,102.17,489
0x575bab32,25.19,9,382,102.18,486
0x575bab34,25.13,10,443,102.17,48
0x575bab35,25.13,10,384,102.17,484
0x575bab37,25.19,11,400,102.18,491
0x575bab38,25.06,10,404,102.17,488
0x575bab3a,25.13,11,538,102.17,488
0x575bab3c,25.13,11,379,102.18,482
0x575bab3e,25.13,13,384,102.17,488
0x575bab40,25.06,11,413,102.17,485
0x575bab41,25.06,9,418,102.17,487
0x575bab43,25.06,11,406,102.17,49
0x575bab44,25.06,11,467,102.17,491
0x575bab45,25.13,10,436,102.17,491
0x575bab46,25.13,13,424,102.18,486
0x575bab48,25.13,11,434,102.18,494
0x575bab49,25.13,12,443,102.17,495
0x575bab4b,25.06,12,448,102.17,486
0x575bab4d,25.13,10,457,102.18,488
0x575bab4f,25.06,11,498,102.17,484
0x575bab50,25.06,11,386,102.17,488
0x575bab52,25.06,11,487,102.17,485
0x575bab54,25.06,9,527,102.17,490
0x575bab55,25.06,12,483,102.17,48
0x575bab58,25.13,7,504,102.18,486
0x575bab59,25.06,9,386,102.16,495
0x575bab5a,25.06,10,469,102.17,49
0x575bab5b,25.13,11,460,102.18,485
0x575bab5c,25.13,14,494,102.18,493
0x575bab5e,25.13,10,416,102.17,488
0x575bab60,25.06,12,500,102.17,483
0x575bab61,25.13,12,415,102.18,483
0x575bab62,25.13,10,482,102.17,490
0x575bab64,25.06,10,459,102.17,491
0x575bab66,25.13,8,417,102.17,491
0x575bab67,25.13,12,398,102.17,49
0x575bab68,25.13,10,390,102.18,491
0x575bab6a,25.13,13,409,102.17,489
0x575bab6b,25.13,9,495,102.17,491
0x575bab6d,25.13,12,400,102.17,49
0x575bab6f,25.13,11,469,102.17,486
0x575bab71,25.13,11,405,102.17,484
0x575bab72,25.13,12,418,102.17,490
0x575bab74,25.13,9,387,102.18,494
0x575bab76,25.13,10,424,102.17,48
0x575bab76,25.13,12,448,102.17,489
0x575bab78,25.13,10,381,102.17,493
0x575bab7a,25.13,9,389,102.17,483
0x575bab7b,25.13,12,390,102.17,48
0x575bab7c,25.13,10,386,102.17,496
0x575bab7e,25.13,10,428,102.17,495
0x575bab80,25.13,10,394,102.17,487
0x575bab81,25.13,10,508,102.17,489
0x575bab83,25.06,11,398,102.16,494
0x575bab85,25.06,11,379,102.16,494
0x575bab87,25.06,10,392,102.17,485
0x575bab88,25.06,11,392,102.17,490
0x575bab8a,25.06,10,420,102.17,489
0x575bab8c,25.06,9,381,102.17,492
0x575bab8d,25.13,10,426,102.17,49
0x575bab8f,25.13,11,382,102.17,483
0x575bab91,25.13,9,389,102.17,487
0x575bab93,25.06,9,400,102.17,492
0x575bab94,25.13,9,375,102.17,487
0x575bab96,25.13,12,387,102.17,49
0x575bab98,25.13,12,523,102.17,484
0x575bab9a,25.13,10,382,102.17,494
0x575bab9c,25.13,8,452,102.18,491
0x575bab9d,25.13,11,458,102.18,49
0x575bab9f,25.06,11,418,102.17,491
0x575baba1,25.13,9,356,102.18,489
0x575baba3,25.13,10,493,102.18,48
0x575baba5,25.06,9,402,102.17,493
0x575baba6,25.06,10,414,102.17,49
0x575baba8,25.13,9,414,102.18,488
0x575babab,25.06,11,519,102.17,49
0x575babad,25.06,13,394,102.17,505
0x575babaf,25.00,8,536,102.17,500
0x575babb1,25.00,10,529,102.17,49
0x575babb3,24.94,8,413,102.17,490
0x575babb5,25.00,11,478,102.18,49
0x575babb5,24.94,6,396,102.17,496
0x575babb7,25.00,10,548,102.17,50
0x575babb9,24.94,11,415,102.18,494
0x575babbb,24.94,8,391,102.16,492
0x575babbd,24.94,7,398,102.17,498
0x575babbd,25.00,8,416,102.18,493
0x575babbf,25.06,7,423,102.19,495
0x575babc1,24.94,10,570,102.18,49
0x575babc3,24.94,12,499,102.17,498
0x575babc5,24.94,10,427,102.17,500
0x575babc6,25.00,9,467,102.18,495
0x575babc8,24.94,10,539,102.17,49
0x575babca,24.94,8,449,102.17,494
0x575babca,24.94,10,427,102.17,49
0x575babcc,25.00,8,480,102.18,499
0x575babce,25.00,11,471,102.17,49
0x575babcf,25.00,12,386,102.17,499
0x575babd0,25.00,12,496,102.18,490
0x575babd2,25.00,7,508,102.17,498
0x575babd4,25.00,9,520,102.17,499
0x575babd5,25.00,9,490,102.18,493
0x575babd6,25.00,10,520,102.17,49
0x575babd8,25.06,8,569,102.18,496
0x575babd9,24.94,11,406,102.17,49
0x575babdb,25.00,11,437,102.17,495
0x575babdc,24.94,9,438,102.17,498
0x575babde,25.00,8,443,102.18,493
0x575babdf,25.00,10,448,102.17,49
0x575babe0,24.94,10,428,102.17,493
0x575babe2,24.94,10,550,102.17,503
0x575babe3,25.00,9,494,102.17,498
0x575babe4,25.00,11,477,102.18,49
0x575babe6,25.06,10,530,102.18,527
0x575babe7,25.00,12,520,102.17,488
0x575babe9,25.06,8,496,102.18,496
0x575babeb,25.00,10,416,102.18,49
0x575babed,25.06,8,426,102.17,497
0x575babee,25.06,11,483,102.18,49
0x575babef,25.06,9,448,102.18,487
0x575babf1,25.06,8,521,102.17,492
0x575babf2,25.06,10,462,102.17,49
0x575babf4,25.06,12,416,102.18,497
0x575babf6,25.06,10,382,102.17,491
0x575babf6,25.06,9,473,102.18,494
0x575babf8,25.06,9,395,102.17,500
0x575babfa,25.06,11,379,102.18,49
0x575babfc,25.06,9,524,102.18,495
0x575babfd,25.00,11,544,102.17,49
0x575babff,25.00,9,489,102.17,496
0x575bac01,25.06,8,424,102.17,501
0x575bac03,25.06,9,527,102.18,494
0x575bac04,25.06,8,408,102.17,495
0x575bac06,25.06,10,453,102.18,48
0x575bac08,25.06,9,387,102.18,493
0x575bac0a,25.06,8,380,102.18,492
0x575bac0b,25.06,8,390,102.18,499
0x575bac0d,25.06,13,448,102.17,50
0x575bac0f,25.06,9,511,102.18,499
0x575bac10,25.06,9,499,102.17,495
0x575bac12,25.06,10,431,102.18,49
0x575bac14,25.13,11,530,102.18,496
0x575bac16,25.13,10,467,102.18,489
0x575bac18,25.06,10,424,102.17,487
0x575bac18,25.06,8,515,102.17,495
0x575bac1a,25.19,11,374,102.19,49
0x575bac1c,25.13,6,426,102.18,496
0x575bac1c,25.13,11,452,102.18,49
0x575bac1e,25.19,9,536,102.18,497
0x575bac20,25.13,9,445,102.18,498
0x575bac22,25.06,9,381,102.17,497
0x575bac24,25.13,12,406,102.18,48
0x575bac26,25.13,11,393,102.18,499
0x575bac28,25.06,9,379,102.18,499
0x575bac2a,25.13,10,406,102.19,49
0x575bac2c,25.13,8,454,102.18,496
0x575bac2e,25.13,7,392,102.18,492
0x575bac30,25.13,8,395,102.17,486
0x575bac30,25.13,10,433,102.18,49
0x575bac32,25.19,10,422,102.18,496
0x575bac34,25.13,11,387,102.18,488
0x575bac36,25.13,7,535,102.18,492
0x575bac38,25.13,12,452,102.18,45
0x575bac3a,25.13,11,436,102.18,484
0x575bac3c,25.13,10,416,102.19,488
0x575cf675,18.63,49,404,103.28,380
0x575cf677,18.63,50,325,103.28,380
0x575cf679,18.63,49,383,103.28,380
0x575cf67a,18.63,51,334,103.28,382
0x575cf67c,18.69,51,322,103.28,382
0x575cf67e,18.63,49,323,103.28,378
0x575cf67f,18.69,49,323,103.28,380
0x575cf681,18.69,51,335,103.28,380
0x575cf682,18.69,49,329,103.28,387
0x575cf683,18.75,23,419,103.28,381
0x575cf685,18.69,51,379,103.28,383
0x575cf686,18.75,50,390,103.28,384
0x575cf687,18.81,49,373,103.28,388
0x575cf689,18.81,50,457,103.28,387
0x575cf68b,18.81,51,393,103.28,388
0x575cf68d,18.81,49,388,103.28,387
0x575cf68d,18.81,50,402,103.28,384
0x575cf68f,18.81,48,396,103.28,402
0x575cf691,18.81,50,382,103.28,382
0x575cf691,18.81,49,374,103.27,383
0x575cf692,18.88,51,373,103.28,381
0x575cf694,18.88,50,368,103.28,381
0x575cf694,18.88,49,361,103.28,379
0x575cf696,18.88,49,358,103.28,380
0x575cf698,18.88,51,365,103.28,379
0x575cf699,18.88,50,349,103.28,369
0x575cf69b,18.94,50,355,103.28,380
0x575cf69d,18.94,50,356,103.28,379
0x575cf69f,18.94,52,358,103.28,377
0x575cf69f,18.94,50,368,103.28,380
0x575cf6a1,19.00,50,357,103.28,371
0x575cf6a3,18.94,51,356,103.28,379
0x575cf6a3,19.00,51,360,103.28,379
0x575cf6a5,19.00,50,350,103.28,381
0x575cf6a7,19.00,50,362,103.28,379
0x575cf6a8,19.00,50,376,103.28,381
0x575cf6aa,19.00,51,367,103.28,378
0x575cf6ac,19.00,51,361,103.28,381
0x575cf6ad,19.06,50,361,103.27,380
0x575cf6af,19.06,50,368,103.28,380
0x575cf6b0,19.06,51,393,103.27,381
0x575cf6b0,19.13,52,369,103.27,380
0x575cf6b2,19.13,51,374,103.27,381
0x575cf6b3,19.13,51,359,103.27,379
0x575cf6b3,19.19,53,359,103.27,378
0x575cf6b5,19.19,52,366,103.27,380
0x575cf6b7,19.13,50,374,103.27,378
0x575cf6b9,19.19,50,365,103.27,380
0x575cf6b9,19.19,51,361,103.27,384
0x575cf6bb,19.19,51,367,103.27,379
0x575cf6bd,19.19,51,388,103.27,379
0x575cf6be,19.19,50,361,103.27,379
0x575cf6c0,19.25,50,355,103.27,381
0x575cf6c2,19.25,51,358,103.26,380
0x575cf6c4,19.25,51,351,103.26,380
0x575cf6c5,19.25,51,355,103.26,379
0x575cf6c7,19.31,52,357,103.27,382
0x575cf6c9,19.31,50,370,103.27,382
0x575cf6ca,19.31,50,371,103.27,379
0x575cf6cc,19.38,51,352,103.27,380
0x575cf6ce,19.38,52,344,103.27,378
0x575cf6d0,19.38,50,346,103.27,379
0x575cf6d0,19.38,50,355,103.27,379
0x575cf6d1,19.38,51,355,103.27,378
0x575cf6d3,19.44,50,343,103.27,379
0x575cf6d4,19.38,50,347,103.27,380
0x575cf6d5,19.38,50,351,103.27,372
0x575cf6d7,19.44,50,359,103.27,380
0x575cf6d8,19.44,50,353,103.27,378
0x575cf6da,19.44,51,362,103.27,379
0x575cf6db,19.44,50,372,103.27,378
0x575cf6dc,19.44,47,362,103.27,378
0x575cf6de,19.44,47,429,103.27,378
0x575cf6df,19.44,48,409,103.27,378
0x575cf6e0,19.50,50,488,103.27,378
0x575cf6e2,19.50,50,361,103.27,376
0x575cf6e4,19.50,50,354,103.27,377
0x575cf6f8,19.50,52,357,103.27,377
0x575cf6fa,19.69,50,358,103.27,375
0x575cf6fb,19.69,50,346,103.26,377
0x575cf6fd,19.75,48,372,103.27,376
0x575cf6ff,19.75,50,369,103.27,378
0x575cf700,19.81,35,386,103.27,377
0x575cf701,19.88,50,443,103.27,375
0x575cf703,19.81,51,360,103.26,377
0x575cf705,19.88,50,363,103.26,374
0x575cf706,19.88,49,388,103.26,375
0x575cf708,19.88,50,355,103.27,376
0x575cf70a,19.88,49,344,103.26,374
0x575cf70a,19.94,52,339,103.26,375
0x575cf70c,19.94,51,360,103.26,377
0x575cf70d,19.94,50,343,103.26,374
0x575cf70e,20.00,50,349,103.26,375
0x575cf70f,20.00,50,351,103.26,373
0x575cf711,20.06,50,342,103.26,376
0x575cf712,20.00,51,336,103.26,374
0x575cf713,20.06,50,386,103.26,373
0x575cf715,20.06,50,367,103.26,374
0x575cf717,20.00,51,349,103.25,375
0x575cf718,20.06,49,359,103.25,374
0x575cf719,20.06,50,356,103.25,375
0x575cf71b,20.13,48,372,103.26,373
0x575cf71c,20.06,49,469,103.25,376
0x575cf71e,20.06,48,362,103.25,375
0x575cf720,20.06,48,371,103.25,374
0x575cf721,20.13,48,353,103.25,372
0x575cf723,20.13,51,469,103.25,372
0x575cf724,20.13,50,359,103.25,374
0x575cf726,20.19,45,372,103.25,368
0x575cf727,20.13,44,366,103.25,373
0x575cf729,20.19,49,362,103.25,372
0x575cf72b,20.19,46,375,103.25,374
0x575cf72b,20.19,37,383,103.25,376
0x575cf72c,20.25,50,386,103.25,374
0x575cf72e,20.25,49,366,103.25,373
0x575cf72f,20.25,50,366,103.26,374
0x575cf731,20.31,49,359,103.25,372
0x575cf733,20.31,51,355,103.25,371
0x575cf734,20.31,50,370,103.25,372
0x575cf736,20.31,45,366,103.25,366
0x575cf737,20.38,51,342,103.25,371
0x575cf738,20.38,51,351,103.25,371
0x575cf739,20.44,49,351,103.26,372
0x575cf73b,20.44,49,373,103.26,373
0x575cf73d,20.44,50,381,103.25,370
0x575cf73e,20.44,49,387,103.26,363
0x575cf73f,20.50,51,366,103.26,372
0x575cf741,20.50,50,366,103.25,372
0x575cf741,20.50,49,349,103.26,370
0x575cf742,20.56,49,367,103.25,371
0x575cf744,20.56,51,347,103.26,369
0x575cf745,20.56,49,386,103.25,368
0x575cf746,20.56,49,443,103.25,370
0x575cf748,20.63,49,442,103.25,367
0x575cf749,20.56,50,347,103.25,370
0x575cf74b,20.63,49,378,103.25,370
0x575cf74d,20.63,51,365,103.25,370
0x575cf74e,20.63,49,381,103.25,370
0x575cf74f,20.69,49,353,103.25,369
0x575cf751,20.69,49,363,103.25,368
0x575cf753,20.69,49,345,103.25,368
0x575cf753,20.69,51,348,103.25,367
0x575cf755,20.75,50,365,103.25,370
0x575cf756,20.75,49,343,103.25,368
0x575cf756,20.75,50,349,103.25,368
0x575cf757,20.81,51,345,103.25,367
0x575cf759,20.81,51,351,103.26,366
0x575cf75a,20.81,51,345,103.25,366
0x575cf75b,20.81,49,343,103.25,365
0x575cf75c,20.81,51,346,103.26,367
0x575cf75d,20.81,49,382,103.26,368
0x575cf75e,20.81,49,379,103.26,365
0x575cf760,20.88,50,390,103.26,367
0x575cf760,20.81,49,588,103.25,365
0x575cf762,20.88,49,567,103.26,367
0x575cf764,20.81,51,583,103.25,363
0x575cf765,20.81,50,584,103.25,364
0x575cf766,20.88,51,581,103.26,365
0x575cf768,20.88,51,481,103.25,365
0x575cf76a,20.88,50,354,103.26,368
0x575cf76b,20.88,49,366,103.25,364
0x575cf76d,20.88,49,406,103.25,365
0x575cf76e,20.88,50,444,103.26,364
0x575cf76f,20.94,50,474,103.26,364
0x575cf770,20.88,49,435,103.25,363
0x575cf772,20.94,49,377,103.26,364
0x575cf773,20.94,51,373,103.25,363
0x575cf774,20.94,49,363,103.26,363
0x575cf776,21.00,50,354,103.26,359
0x575cf778,20.94,50,368,103.26,377
0x575cf779,20.94,50,383,103.25,361
0x575cf77a,20.94,51,419,103.25,360
0x575cf77c,21.00,50,346,103.26,360
0x575cf77d,21.00,50,393,103.26,359
0x575cf77f,21.00,52,358,103.26,359
0x575cf780,21.00,52,377,103.25,358
0x575cf780,21.06,52,348,103.26,358
0x575cf782,21.06,50,386,103.25,359
0x575cf784,21.06,50,386,103.25,358
0x575cf784,21.00,50,352,103.25,357
0x575cf786,21.06,51,384,103.25,360
0x575cf788,21.06,50,489,103.25,359
0x575cf789,21.06,50,409,103.25,356
0x575cf78b,21.06,50,370,103.25,357
0x575cf78c,21.06,51,349,103.25,357
0x575cf78d,21.13,50,347,103.25,356
0x575cf78d,21.13,50,336,103.25,358
0x575cf78f,21.13,52,353,103.25,359
0x575cf791,21.13,51,333,103.26,355
0x575cf792,21.13,50,353,103.25,357
0x575cf793,21.13,50,351,103.26,356
0x575cf795,21.19,51,349,103.26,357
0x575cf795,21.19,51,358,103.26,355
0x575cf797,21.19,51,376,103.26,357
0x575cf799,21.19,50,368,103.25,356
0x575cf799,21.19,50,349,103.25,355
0x575cf79b,21.19,50,353,103.25,356
0x575cf79c,21.19,50,374,103.25,355
0x575cf79d,21.25,51,334,103.26,355
0x575cf79e,21.19,50,369,103.26,358
0x575cf7a0,21.25,50,389,103.26,355
0x575cf7a2,21.19,52,357,103.26,355
0x575cf7a2,21.19,51,351,103.25,355
0x575cf7a4,21.25,50,412,103.25,354
0x575cf7a5,21.25,50,329,103.25,354
0x575cf7a5,21.25,50,369,103.26,353
0x575cf7a7,21.31,51,364,103.26,353
0x575cf7a9,21.25,51,379,103.26,353
0x575cf7ab,21.25,50,362,103.25,354
0x575cf7ab,21.25,50,421,103.25,352
0x575cf7ad,21.31,51,345,103.26,352
0x575cf7af,21.25,50,343,103.26,354
0x575cf7af,21.25,51,355,103.25,355
0x575cf7b1,21.31,52,465,103.26,355
0x575cf7b2,21.31,50,336,103.26,352
0x575cf7b3,21.31,51,398,103.26,351
0x575cf7b4,21.31,52,336,103.25,352
0x575cf7b6,21.31,52,449,103.26,353
0x575cf7b7,21.31,50,351,103.26,354
0x575cf7b9,21.31,51,339,103.26,352
0x575cf7bb,21.25,51,361,103.25,354
0x575cf7bd,21.31,50,366,103.26,354
0x575cf7be,21.31,52,349,103.26,354
0x575cf7c0,21.31,50,361,103.25,354
0x575cf7c1,21.31,51,347,103.26,353
0x575cf7c2,21.38,52,407,103.26,354
0x575cf7c4,21.31,52,418,103.26,351
0x575cf7c6,21.31,50,347,103.26,353
0x575cf7c7,21.31,52,342,103.26,353
0x575cf7c8,21.31,50,353,103.26,352
0x575cf7c9,21.38,50,352,103.26,351
0x575cf7c9,21.38,52,350,103.26,351
0x575cf7cb,21.44,52,368,103.26,355
0x575cf7cd,21.38,50,436,103.26,352
0x575cf7ce,21.38,51,357,103.26,352
0x575cf7d0,21.38,50,351,103.26,352
0x575cf7d2,21.38,52,342,103.26,353
0x575cf7d2,21.38,50,338,103.26,353
0x575cf7d3,21.44,50,349,103.26,351
0x575cf7d5,21.44,50,386,103.26,351
0x575cf7d6,21.44,50,337,103.26,352
0x575cf7d7,21.44,51,347,103.26,351
0x575cf7d9,21.44,51,367,103.26,353
0x575cf7db,21.44,50,339,103.26,353
0x575cf7db,21.44,52,351,103.26,351
0x575cf7dd,21.50,50,345,103.26,352
0x575cf7de,21.44,51,427,103.26,354
0x575cf7df,21.50,52,438,103.26,349
0x575cf7e1,21.44,51,362,103.26,339
0x575cf7e2,21.44,52,356,103.26,352
0x575cf7e3,21.50,51,377,103.26,351
0x575cf7e5,21.44,52,378,103.26,350
0x575cf7e7,21.44,51,346,103.26,352
0x575cf7e8,21.50,53,353,103.26,350
0x575cf7e9,21.44,51,366,103.26,350
0x575cf7eb,21.50,53,351,103.26,351
0x575cf7ed,21.50,51,356,103.26,350
0x575cf7ee,21.50,53,338,103.26,349
0x575cf7f0,21.50,51,374,103.26,351
0x575cf7f1,21.50,52,347,103.26,348
0x575cf7f3,21.50,51,343,103.27,348
0x575cf7f3,21.50,51,351,103.26,348
0x575cf7f5,21.56,53,481,103.26,348
0x575cf7f7,21.50,51,402,103.26,349
0x575cf7f7,21.50,52,356,103.26,348
0x575cf7f9,21.56,52,365,103.26,349
0x575cf7fb,21.50,51,331,103.26,351
0x575cf7fb,21.50,52,357,103.26,350
0x575cf7fd,21.56,52,339,103.26,351
0x575cf7ff,21.56,51,337,103.26,348
0x575cf800,21.56,51,330,103.26,348
0x575cf802,21.56,52,345,103.26,350
0x575cf804,21.56,51,339,103.26,349
0x575cf806,21.56,51,402,103.26,347
0x575cf807,21.56,51,338,103.26,349
0x575cf809,21.56,52,346,103.26,350
0x575cf80b,21.56,51,334,103.26,348
0x575cf80d,21.56,51,478,103.26,348
0x575cf80e,21.56,52,457,103.26,348
0x575cf810,21.56,52,384,103.26,346
0x575cf812,21.56,52,330,103.26,346
0x575cf814,21.56,53,346,103.26,348
0x575cf815,21.56,51,332,103.26,347
0x575cf817,21.56,52,335,103.26,348
0x575cf819,21.56,51,367,103.26,348
0x575cf81b,21.56,51,335,103.26,349
0x575cf81c,21.63,51,340,103.26,348
0x575cf81e,21.63,51,332,103.26,348
0x575cf820,21.63,52,340,103.26,347
0x575cf822,21.63,53,334,103.26,348
0x575cf823,21.63,51,409,103.26,345
0x575cf825,21.63,52,352,103.27,346
0x575cf827,21.63,51,335,103.27,347
0x575cf829,21.63,51,453,103.27,345
0x575cf82b,21.63,52,344,103.26,346
0x575cf82c,21.63,51,334,103.26,346
0x575cf82e,21.63,51,359,103.27,346
0x575cf830,21.63,50,340,103.26,346
0x575cf832,21.63,50,348,103.26,347
0x575cf834,21.63,52,344,103.27,346
0x575cf836,21.63,52,355,103.27,346
0x575cf837,21.63,50,337,103.26,345
0x575cf839,21.63,51,343,103.26,346
0x575cf83b,21.69,50,336,103.27,347
0x575cf83d,21.69,51,356,103.26,346
