0x56ad450c,28.94,193,341,100.39,537
0x56ad4510,29.44,192,341,100.39,541
0x56ad4513,29.38,196,345,100.38,546
0x56ad4517,29.44,199,346,100.39,545
0x56ad451a,29.50,213,355,100.39,551
0x56ad4520,29.50,213,348,100.39,548
0x56ad4524,29.56,213,342,100.39,551
0x56ad4527,29.44,203,348,100.38,551
0x56ad452a,29.50,196,357,100.39,547
0x56ad452e,29.56,213,357,100.39,547
0x56ad4531,29.50,212,364,100.39,549
0x56ad4534,29.50,213,376,100.40,547
0x56ad4538,29.44,212,346,100.39,546
0x56ad453b,29.38,213,359,100.39,547
0x56ad4540,29.44,213,353,100.39,548
0x56ad4544,29.44,213,364,100.39,547
0x56ad4547,29.38,213,347,100.38,547
0x56ad454a,29.38,213,338,100.39,549
0x56ad454d,29.44,213,342,100.40,524
0x56ad4552,29.44,213,339,100.39,538
0x56ad4555,29.44,213,339,100.40,550
0x56ad4558,29.44,214,344,100.39,547
0x56ad455b,29.44,214,343,100.39,550
0x56ad455f,29.50,213,341,100.39,548
0x56ad4563,29.50,213,343,100.39,548
0x56ad4566,29.50,214,344,100.39,548
0x56ad456a,29.50,213,357,100.38,546
0x56ad456d,29.50,213,344,100.39,546
0x56ad4570,29.56,206,342,100.39,548
0x56ad47da,29.50,186,364,100.37,540
0x56ad47dd,29.50,191,343,100.38,538
0x56ad47e1,29.56,187,347,100.39,537
0x56ad47e4,29.56,191,344,100.38,538
0x56ad47e7,29.63,185,367,100.39,539
0x56ad47ea,29.63,201,340,100.39,534
0x56ad47ee,29.63,206,352,100.39,536
0x56ad47f1,29.63,187,346,100.38,538
0x56ad47f4,29.63,196,360,100.39,535
0x56ad47f8,29.63,197,341,100.39,532
0x56ad47fd,29.56,186,355,100.38,533
0x56ad4801,29.56,174,367,100.38,533
0x56ad4805,29.56,176,357,100.39,533
0x56ad4808,29.63,174,349,100.39,533
0x56ad480b,29.63,178,346,100.39,533
0x56ad480e,29.56,191,343,100.38,535
0x56ad4812,29.56,195,352,100.38,533
0x56ad4815,29.56,203,364,100.38,532
0x56ad4818,29.56,206,346,100.39,531
0x56ad481f,29.56,171,345,100.39,538
0x56ad4823,29.56,185,350,100.39,539
0x56ad4826,29.56,208,339,100.38,538
0x56ad4829,29.69,208,341,100.40,538
0x56ad482c,29.63,209,338,100.38,539
0x56ad4830,29.63,182,358,100.38,537
0x56ad4833,29.63,165,368,100.38,544
0x56ad4836,29.63,194,351,100.39,536
0x56ad483a,29.63,164,376,100.38,535
0x56ad483d,29.56,174,344,100.38,538
0x56ad4840,29.63,205,341,100.40,534
0x56ad4843,29.56,181,340,100.38,533
0x56ad4847,29.56,192,353,100.38,535
0x56ad484a,29.50,199,342,100.38,533
0x56ad484e,29.50,208,342,100.38,532
0x56ad4851,29.56,208,348,100.40,533
0x56ad4854,29.50,209,339,100.38,533
0x56ad4858,29.50,208,355,100.39,534
0x56ad485b,29.50,208,342,100.38,538
0x56ad485e,29.50,208,346,100.38,538
0x56ad4861,29.56,208,358,100.39,533
0x56ad4865,29.56,208,350,100.38,535
0x56ad4868,29.56,208,343,100.38,533
0x56ad486c,29.63,208,348,100.38,537
0x56ad486f,29.63,208,354,100.39,540
0x56ad4872,29.63,208,382,100.38,541
0x56ad4876,29.63,208,362,100.38,539
0x56ad4879,29.69,208,368,100.38,544
0x56ad487c,29.69,207,345,100.38,541
0x56ad487f,29.75,208,345,100.38,539
0x56ad4883,29.75,208,343,100.37,538
0x56ad4886,29.75,207,342,100.37,540
0x56ad4889,29.69,204,342,100.37,542
0x56ad488c,29.75,204,350,100.38,541
0x56ad4891,29.69,198,341,100.37,535
0x56ad4894,29.69,198,342,100.37,536
0x56ad4897,29.69,206,360,100.38,540
0x56ad489b,29.69,206,365,100.37,541
0x56ad489e,29.69,207,345,100.38,533
0x56ad48a1,29.75,206,352,100.38,537
0x56ad48a4,29.81,205,363,100.38,538
0x56ad48a8,29.81,204,356,100.37,536
0x56ad48ab,29.81,205,372,100.38,539
0x56ad48ae,29.75,205,344,100.36,540
0x56ad48b2,29.75,206,405,100.36,540
0x56ad48b6,29.81,205,363,100.37,538
0x56ad48b9,29.81,205,423,100.36,540
0x56ad48bc,29.81,205,357,100.36,538
0x56ad48c0,29.81,206,340,100.37,539
0x56ad48c3,29.81,206,353,100.37,542
0x56ad48c6,29.81,206,348,100.37,520
0x56ad48ca,29.69,206,348,100.36,538
0x56ad48cd,29.75,205,343,100.37,540
0x56ad48d0,29.69,205,339,100.37,538
0x56ad48d3,29.69,205,342,100.37,540
0x56ad48d7,29.69,205,355,100.37,539
0x56ad48dc,29.69,205,341,100.37,538
0x56ad48e0,29.69,205,343,100.37,537
0x56ad48e3,29.69,205,343,100.36,540
0x56b116e2,24.69,35,441,100.15,447
0x56b116e4,25.00,38,427,100.14,445
0x56b116e6,25.06,51,449,100.14,443
0x56b116f8,25.19,53,455,100.14,440
0x56b116f8
0x56b116fa,25.19,56,450,100.14,501
0x56b116fa
0x56b116fb,25.25,57,449,100.14,442
0x56b116fb
0x56b116fd,25.25,55,451,100.14,443
0x56b116fd
0x56b116ff,25.31,57,470,100.14,441
0x56b116ff
0x56b11701,25.25,48,451,100.14,438
0x56b1178a,25.38,37,402,100.14,428
0x56b1178c,25.63,37,361,100.15,431
0x56b1178e,25.69,37,451,100.16,430
0x56b11790,25.69,37,453,100.16,427
0x56b11792,25.69,39,444,100.16,430
0x56b11794,25.69,37,397,100.16,427
0x56b11796,25.69,38,415,100.16,430
0x56b11797,25.75,37,439,100.16,429
0x56b11799,25.75,37,452,100.16,431
0x56b1179b,25.75,37,453,100.16,427
0x56b1179d,25.75,37,437,100.16,427
0x56b1179f,25.75,37,414,100.16,427
0x56b117a1,25.75,37,449,100.16,428
0x56b117a2,25.75,38,404,100.16,428
0x56b117a4,25.75,38,404,100.16,427
0x56b117a6,25.81,37,357,100.16,430
0x56b117a8,25.81,38,398,100.16,431
0x56b117aa,25.81,37,362,100.16,431
0x56b117ab,25.81,37,417,100.16,430
0x56b117ad,25.75,36,413,100.16,428
0x56b117af,25.81,36,428,100.16,428
0x56b117b1,25.81,36,406,100.16,426
0x56b117b3,25.88,36,380,100.17,428
0x56b117b5,25.88,36,379,100.16,426
0x56b117b7,25.88,36,376,100.16,425
0x56b117b8,25.88,37,447,100.17,426
0x56b117ba,25.88,37,370,100.16,426
0x56b117bc,25.94,37,377,100.17,426
0x56b117be,25.88,37,376,100.16,430
0x56b117c0,25.88,35,367,100.16,425
0x56b117c2,25.88,35,395,100.17,431
0x56b117c3,25.81,35,349,100.16,435
0x56b117c5,25.88,35,377,100.16,437
0x56b117c7,25.94,35,435,100.16,441
0x56b117c9,25.88,35,420,100.16,439
0x56b117cb,25.88,34,446,100.16,434
0x56b117cd,25.88,35,441,100.16,437
0x56b117ce,25.88,35,437,100.16,435
0x56b117d0,25.94,35,448,100.16,433
0x56b117d2,25.94,35,416,100.17,432
0x56b117d4,25.94,35,405,100.17,417
0x56b117d6,26.00,35,395,100.17,477
0x56b117d8,25.94,36,431,100.16,426
0x56b117d9,25.94,34,443,100.17,427
0x56b117db,25.94,35,388,100.16,424
0x56b117dd,25.94,34,449,100.16,425
0x56b117df,25.88,35,472,100.16,425
0x56b117e1,25.88,34,457,100.16,426
0x56b117e2,25.94,35,480,100.16,426
0x56b117e4,25.94,35,460,100.17,423
0x56b117e6,25.88,35,443,100.16,424
0x56b117e8,25.88,35,447,100.16,425
0x56b117ea,25.88,35,445,100.16,425
0x56b117ec,25.88,36,396,100.16,425
0x56b117ee,25.88,34,442,100.16,445
0x56b117ef,25.88,35,451,100.16,424
0x56b117f1,25.88,36,455,100.16,426
0x56b117f3,25.88,37,451,100.16,424
0x56b117f5,25.88,38,422,100.16,425
0x56b117f7,25.88,37,448,100.16,423
0x56b117f9,25.81,37,452,100.16,425
0x56b117fb,25.81,37,432,100.16,425
0x56b117fc,25.81,36,449,100.16,424
0x56b117fe,25.81,36,455,100.16,427
0x56b11800,25.81,36,453,100.16,428
0x56b11802,25.81,36,460,100.16,425
0x56b11804,25.81,36,446,100.16,428
0x56b11806,25.88,36,385,100.16,428
0x56b11807,25.88,37,482,100.17,431
0x56b11809,25.94,35,454,100.17,431
0x56b1180b,25.94,36,452,100.17,429
0x56b1180d,25.94,35,453,100.16,431
0x56b1180f,25.94,36,445,100.17,428
0x56b11811,25.94,37,450,100.17,426
0x56b11813,25.94,38,476,100.17,425
0x56b11814,25.94,37,394,100.16,424
0x56b11816,25.94,39,456,100.17,425
0x56b11818,25.88,39,379,100.16,424
0x56b1181a,25.88,39,381,100.16,426
0x56b1181c,25.88,39,439,100.16,429
0x56b1181e,25.88,40,453,100.16,430
0x56b11820,25.88,40,479,100.16,427
0x56b11821,25.81,40,445,100.16,428
0x56b11823,25.81,39,447,100.16,425
0x56b11825,25.81,40,407,100.16,425
0x56b119bc,25.00,97,451,100.15,393
0x56b119be,26.81,98,450,100.18,390
0x56b119c0,26.81,98,439,100.18,385
0x56b119c2,26.81,97,454,100.18,385
0x56b119c3,26.81,97,484,100.18,384
0x56b119c5,26.88,98,451,100.19,384
0x56b119c7,26.88,98,445,100.18,383
0x56b119c9,26.88,97,445,100.19,382
0x56b119cb,26.88,98,417,100.18,381
0x56b119cc,26.88,97,436,100.18,381
0x56b119ce,26.88,97,382,100.18,380
0x56b119d0,26.88,91,453,100.18,379
0x56b11a01,27.00,133,512,100.18,5
0x56b11a03,27.00,133,518,100.18,586
0x56b11a05,26.88,133,515,100.15,588
0x56b11a07,27.00,132,391,100.17,587
0x56b11a08,27.00,133,506,100.17,586
0x56b11a0a,27.13,133,395,100.20,587
0x56b11a0c,27.00,132,377,100.18,585
0x56b11a0e,26.94,133,511,100.15,588
0x56b11a10,27.06,132,469,100.18,582
0x56b11a11,27.06,132,495,100.18,585
0x56b11a13,27.06,133,473,100.18,585
0x56b11a15,26.94,133,506,100.16,584
0x56b11a17,27.00,133,511,100.18,584
0x56b11a18,27.00,133,508,100.18,584
0x56b11a1a,26.94,133,507,100.16,583
0x56b11a1c,27.06,132,463,100.19,581
0x56b11a1e,27.06,132,496,100.18,587
0x56b11a20,27.00,133,484,100.18,587
0x56b11a21,26.94,133,377,100.17,582
0x56b11a23,27.00,132,498,100.18,583
0x56b11a25,27.06,133,522,100.19,582
0x56b11a27,27.00,132,519,100.18,579
0x56b11a29,26.94,133,507,100.17,585
0x56b11a2a,26.94,133,512,100.17,583
0x56b11a2c,26.81,133,512,100.16,585
0x56b11a2e,26.88,132,517,100.16,586
0x56b11a30,26.88,132,511,100.18,585
0x56b11a31,26.94,133,436,100.19,589
0x56b11a33,26.88,132,517,100.18,584
0x56b11a35,26.88,133,514,100.18,583
0x56b11a37,26.88,133,459,100.18,588
0x56b11a39,26.88,132,485,100.17,585
0x56b11a3a,26.81,133,423,100.17,586
0x56b11a3c,26.81,132,384,100.18,584
0x56b11a3e,26.75,132,507,100.16,586
0x56b11a40,26.81,132,385,100.18,587
0x56b11a41,26.88,133,508,100.19,586
0x56b11a43,26.81,133,517,100.18,584
0x56b11a45,26.81,133,510,100.18,581
0x56b11a47,26.75,133,510,100.17,583
0x56b11a49,26.81,133,482,100.19,583
0x56b11a4a,26.75,133,464,100.17,586
0x56b11a4c,26.75,132,445,100.17,588
0x56b11a4e,26.69,132,503,100.17,586
0x56b11a50,26.69,133,360,100.17,581
0x56b11a51,26.75,133,415,100.19,582
0x56b11a53,26.69,133,458,100.17,586
0x56b11a55,26.69,132,507,100.17,583
0x56b11a57,26.69,133,439,100.18,585
0x56b11a59,26.69,132,358,100.17,580
0x56b11a5a,26.63,132,463,100.16,582
0x56b11a5c,26.63,132,507,100.16,586
0x56b11a5e,26.69,132,505,100.18,587
0x56b11a60,26.63,133,510,100.17,585
0x56b11a61,26.69,132,485,100.18,585
0x56b11a63,26.63,132,477,100.17,584
0x56b11a65,26.63,132,455,100.18,588
0x56b11a67,26.56,132,472,100.17,588
0x56b11a69,26.63,132,431,100.18,588
0x56b11a6a,26.56,131,480,100.17,589
0x56b11a6c,26.56,132,480,100.17,591
0x56b11a6e,26.56,132,411,100.17,589
0x56b11a70,26.56,132,522,100.17,590
0x56b11a71,26.50,132,512,100.16,590
0x56b11a73,26.56,132,442,100.18,590
0x56b11a75,26.50,133,388,100.17,589
0x56b11a77,26.50,131,434,100.17,588
0x56b11a79,26.50,133,478,100.17,586
0x56b11a7a,26.50,132,472,100.17,586
0x56b11a7c,26.50,132,361,100.18,591
0x56b11a7e,26.50,131,443,100.18,589
0x56b11a80,26.44,133,468,100.16,590
0x56b11a81,26.50,132,369,100.17,590
0x56b11a83,26.44,133,481,100.17,593
0x56b11a85,26.44,132,402,100.16,590
0x56b11a87,26.44,132,523,100.17,592
0x56b11a89,26.44,132,398,100.17,589
0x56b11a8a,26.44,132,376,100.17,590
0x56b11a8c,26.44,132,510,100.17,594
0x56b11a8e,26.44,131,503,100.17,591
0x56b11a90,26.44,132,415,100.17,589
0x56b11a92,26.44,131,497,100.17,591
0x56b11a93,26.44,132,506,100.17,594
0x56b11a95,26.44,133,530,100.17,593
0x56b11a97,26.38,132,424,100.16,592
0x56b11a99,26.44,132,507,100.17,593
0x56b11a9a,26.38,132,415,100.16,590
0x56b11a9c,26.50,132,517,100.18,593
0x56b11a9e,26.50,131,509,100.18,590
0x56b11aa0,26.50,131,511,100.18,592
0x56b11aa2,26.44,132,476,100.16,589
0x56b11aa3,26.50,132,511,100.18,588
0x56b11aa5,26.44,131,512,100.17,592
0x56b11aa7,26.50,131,509,100.17,589
0x56b11aa9,26.56,132,410,100.18,588
0x56b11aaa,26.44,132,507,100.16,547
0x56b11aac,26.50,132,404,100.17,593
0x56b11aae,26.50,132,404,100.17,587
0x56b11ab0,26.56,132,511,100.18,591
0x56b11ab2,26.56,132,474,100.17,591
0x56b11ab3,26.50,132,517,100.17,592
0x56b11ab5,26.50,132,508,100.16,589
0x56b11ab7,26.50,132,518,100.15,591
0x56b11ab9,26.56,132,512,100.18,590
0x56b11aba,26.56,132,524,100.17,591
0x56b11abc,26.56,132,503,100.17,589
0x56b11abe,26.56,132,358,100.17,588
0x56b11ac0,26.56,132,368,100.17,592
0x56b11ac2,26.56,132,507,100.17,589
0x56b11ac3,26.63,131,433,100.18,591
0x56b11ac5,26.56,131,502,100.16,591
0x56b11ac7,26.56,132,508,100.17,591
0x56b11ac9,26.63,132,525,100.18,589
0x56b11acb,26.63,132,383,100.18,593
0x56b11acc,26.63,131,462,100.19,587
0x56b11ace,26.56,132,508,100.17,591
0x56b11ad0,26.56,131,514,100.16,589
0x56b11ad2,26.56,132,510,100.17,592
0x56b11ad3,26.63,132,362,100.18,591
0x56b11ad5,26.56,132,505,100.18,590
0x56b11ad7,26.56,131,512,100.16,592
0x56b11ad9,26.63,131,503,100.18,590
0x56b11adb,26.63,132,524,100.18,591
0x56b11adc,26.56,131,513,100.17,590
0x56b11ade,26.56,132,481,100.17,589
0x56b11ae0,26.63,132,491,100.17,605
0x56b11ae2,26.63,131,485,100.18,587
0x56b11ae3,26.63,132,506,100.18,588
0x56b11ae5,26.56,131,511,100.16,589
0x56b11ae7,26.63,132,521,100.18,587
0x56b11ae9,26.63,132,370,100.18,589
0x56b11aeb,26.63,132,365,100.17,586
0x56b11aec,26.63,132,504,100.17,590
0x56b11aee,26.69,132,527,100.18,591
0x56b11af0,26.63,133,445,100.17,585
0x56b11af2,26.69,132,502,100.18,590
0x56b11af3,26.63,131,370,100.17,589
0x56b11af5,26.63,132,458,100.17,585
0x56b11af7,26.63,132,442,100.17,586
0x56b11af9,26.63,132,430,100.16,585
0x56b11afb,26.63,132,513,100.17,585
0x56b11afc,26.69,132,519,100.18,585
0x56b11afe,26.69,133,507,100.18,583
0x56b11b00,26.69,132,511,100.17,585
0x56b11b02,26.69,132,429,100.17,588
0x56b11b03,26.69,132,506,100.17,588
0x56b11b05,26.75,132,483,100.18,589
0x56b11b07,26.75,132,505,100.17,588
0x56b11b09,26.75,133,510,100.17,584
0x56b11b0a,26.75,133,446,100.18,589
0x56b11b0c,26.75,132,401,100.18,586
0x56b11b0e,26.75,132,442,100.17,583
0x56b11b10,26.75,132,393,100.17,585
0x56b11b12,26.75,133,494,100.17,586
0x56b11b13,26.75,132,511,100.17,587
0x56b11b15,26.75,132,374,100.17,584
0x56b11b17,26.75,133,520,100.18,583
0x56b11b19,26.75,133,508,100.17,586
0x56b11b1b,26.75,133,473,100.17,584
0x56b11b1c,26.75,133,365,100.18,581
0x56b11b1e,26.75,133,450,100.18,587
0x56b11b20,26.75,133,383,100.17,585
0x56b11b22,26.69,133,461,100.16,589
0x56b11b23,26.75,132,358,100.17,589
0x56b11b25,26.75,133,500,100.17,591
0x56b11b27,26.69,133,429,100.16,589
0x56b11b29,26.75,132,397,100.18,588
0x56b11b2b,26.75,133,514,100.17,587
0x56b11b2c,26.75,134,509,100.18,589
0x56b11b2e,26.75,134,397,100.17,586
0x56b11b30,26.75,133,510,100.17,591
0x56b11b32,26.81,133,475,100.18,589
0x56b11b33,26.75,134,511,100.18,582
0x56b11b35,26.75,133,542,100.18,584
0x56b11b37,26.75,134,441,100.17,589
0x56b11b39,26.81,133,505,100.18,584
0x56b11b3b,26.75,134,372,100.17,594
0x56b11b3c,26.75,134,512,100.17,587
0x56b11b3e,26.81,134,539,100.17,588
0x56b11b40,26.81,133,480,100.17,588
0x56b11b42,26.81,134,504,100.18,584
0x56b11b43,26.81,134,511,100.18,590
0x56b11b45,26.81,133,497,100.18,586
0x56b11b47,26.81,133,513,100.18,589
0x56b11b49,26.81,134,372,100.18,585
0x56b11b4b,26.81,133,508,100.18,584
0x56b11b4c,26.75,133,511,100.17,584
0x56b11b4e,26.75,134,513,100.17,584
0x56b11b50,26.81,134,512,100.18,585
0x56b11b52,26.75,133,362,100.17,584
0x56b11b53,26.75,133,509,100.17,584
0x56b11b55,26.75,132,508,100.17,587
0x56b11b57,26.75,133,525,100.17,585
0x56b11b59,26.75,134,389,100.18,587
0x56b11b5b,26.75,133,383,100.18,589
0x56b11b5c,26.75,133,364,100.17,589
0x56b11b5e,26.81,134,509,100.18,589
0x56b11b60,26.75,133,499,100.17,588
0x56b11b62,26.81,133,512,100.18,589
0x56b11b63,26.81,134,371,100.18,588
0x56b11b65,26.81,132,356,100.18,590
0x56b11b67,26.75,133,373,100.17,590
0x56b11b69,26.75,133,385,100.17,589
0x56b11b6b,26.81,133,426,100.17,587
0x56b11b6c,26.81,132,463,100.17,589
0x56b11b6e,26.75,133,500,100.17,584
0x56b11b70,26.75,133,425,100.17,586
0x56b11b72,26.81,134,394,100.18,586
0x56b11b73,26.75,133,461,100.18,585
0x56b11b75,26.75,133,521,100.17,586
0x56b11b77,26.81,133,510,100.18,587
0x56b11b79,26.75,132,496,100.17,585
0x56b11b7b,26.81,133,506,100.18,587
0x56b11b7c,26.81,133,508,100.18,587
0x56b11b7e,26.75,132,512,100.17,588
0x56b11b80,26.81,133,500,100.18,588
0x56b11b82,26.81,133,500,100.17,582
0x56b11b83,26.81,133,505,100.17,588
0x56b11b85,26.81,133,509,100.17,583
0x56b11b87,26.81,126,511,100.17,584
0x56b11b89,26.88,126,512,100.18,588
0x56b11b8b,26.88,126,511,100.17,585
0x56b11b8c,26.88,126,499,100.18,587
0x56b11b8e,26.88,126,467,100.18,586
0x56b11b90,26.88,125,509,100.18,585
0x56b11b92,26.88,126,514,100.17,587
0x56b11b93,26.88,127,484,100.17,586
0x56b11b95,26.88,126,515,100.17,582
0x56b11b97,26.94,126,504,100.17,585
0x56b11b99,26.94,126,514,100.18,582
0x56b11b9b,26.94,127,526,100.18,591
0x56b11b9c,26.94,126,508,100.18,588
0x56b11b9e,27.00,126,510,100.18,590
0x56b11ba0,27.00,126,502,100.18,588
0x56b11ba2,26.94,127,508,100.17,586
0x56b11ba3,26.94,126,511,100.18,587
0x56b11ba5,26.94,126,513,100.17,584
0x56b11ba7,27.00,127,514,100.18,585
0x56b11ba9,27.00,127,376,100.18,585
0x56b11bab,26.88,126,493,100.16,582
0x56b11bac,26.94,126,427,100.17,585
0x56b11bae,26.94,126,520,100.17,582
0x56b11bb0,26.94,126,405,100.18,584
0x56b11bb2,27.00,125,512,100.17,585
0x56b11bb3,27.00,126,527,100.18,582
0x56b11bb5,27.00,126,510,100.18,583
0x56b11bb7,27.00,126,422,100.17,582
0x56b11bb9,27.00,126,505,100.17,586
0x56b11bbb,27.00,126,422,100.17,586
0x56b11bbc,27.06,126,379,100.17,583
0x56b11bbe,27.13,126,445,100.18,585
0x56b11bc0,27.06,126,517,100.17,585
0x56b11bc2,27.13,126,514,100.18,581
0x56b11bc3,27.06,125,511,100.17,581
0x56b11bc5,27.13,125,515,100.18,582
0x56b11bc7,27.06,125,515,100.17,580
0x56b11bc9,27.06,126,510,100.16,581
0x56b11bcb,27.06,126,513,100.17,582
0x56b11bcc,27.06,125,496,100.17,580
0x56b11bce,27.06,126,521,100.17,579
0x56b11bd0,27.13,125,513,100.18,576
0x56b11bd2,27.06,126,514,100.17,574
0x56b11bd3,27.13,125,513,100.18,577
0x56b11bd5,27.06,126,505,100.18,579
0x56b11bd7,27.13,125,512,100.18,579
0x56b11bd9,27.06,126,507,100.17,579
0x56b11bdb,27.06,126,516,100.17,581
0x56b11bdc,27.13,125,515,100.18,579
0x56b11bde,27.06,125,524,100.18,581
0x56b11be0,27.06,126,514,100.17,581
0x56b11be2,27.06,125,514,100.17,581
0x56b11be3,27.06,125,510,100.17,586
0x56b11be5,27.06,125,507,100.17,580
0x56b11be7,27.06,125,503,100.17,585
0x56b11be9,27.06,126,511,100.18,585
0x56b11beb,27.06,125,501,100.18,583
0x56b11bec,27.00,126,505,100.17,584
0x56b11bee,27.00,125,498,100.17,587
0x56b11bf0,27.00,125,449,100.18,587
0x56b11bf2,27.00,125,464,100.17,584
0x56b11bf3,26.94,125,508,100.17,588
0x56b11bf5,27.00,126,514,100.18,582
0x56b11bf7,26.94,125,508,100.17,583
0x56b11bf9,26.94,125,527,100.17,585
0x56b11bfb,27.00,126,532,100.18,583
0x56b11bfc,26.94,125,526,100.17,585
0x56b11bfe,26.94,126,507,100.18,586
0x56b11c00,26.94,124,400,100.17,582
0x56b11c02,26.88,126,435,100.17,582
0x56b11c03,26.94,125,423,100.18,583
0x56b11c05,26.88,125,515,100.17,585
0x56b11c07,26.88,125,512,100.17,587
0x56b11c09,26.88,126,506,100.17,583
0x56b11c0b,26.94,126,528,100.18,583
0x56b11c0c,26.88,126,425,100.18,582
0x56b11c0e,26.88,125,516,100.17,585
0x56b11c10,26.94,126,540,100.18,583
0x56b11c12,26.94,126,502,100.18,585
0x56b11c13,26.88,126,501,100.17,583
0x56b11c15,26.94,125,426,100.17,585
0x56b11c17,27.00,125,453,100.18,582
0x56b11c19,26.88,125,495,100.16,585
0x56b11c1b,26.94,125,466,100.18,580
0x56b11c1c,26.94,125,507,100.18,583
0x56b11c1e,26.94,125,500,100.18,584
0x56b11c20,26.94,125,437,100.18,583
0x56b11c22,26.94,125,397,100.17,580
0x56b11c23,26.94,125,397,100.18,584
0x56b11c25,26.94,124,372,100.18,581
0x56b11c27,26.94,125,515,100.18,583
0x56b11c29,26.94,125,506,100.17,579
0x56b11c2b,26.94,126,508,100.18,578
0x56b11c2c,26.94,125,509,100.17,578
0x56b11c2e,26.94,125,505,100.18,583
0x56b11c30,27.00,125,384,100.18,581
0x56b11c32,26.94,126,515,100.18,583
0x56b11c33,26.94,126,513,100.18,582
0x56b11c35,26.94,126,506,100.17,582
0x56b11c37,27.00,125,508,100.19,581
0x56b11c39,26.94,126,506,100.18,581
0x56b11c3a,26.94,127,448,100.17,585
0x56b11c3c,26.94,127,452,100.17,583
0x56b11c3e,27.00,126,515,100.19,582
0x56b11c40,26.94,126,501,100.17,581
0x56b11c42,26.94,126,464,100.17,581
0x56b11c43,26.94,126,369,100.18,582
0x56b11c45,26.94,125,520,100.18,585
0x56b11c47,26.94,125,516,100.18,584
0x56b11c49,26.94,126,378,100.18,585
0x56b11c4b,27.00,126,444,100.18,582
0x56b11c4c,27.00,126,368,100.18,583
0x56b11c4e,27.00,125,508,100.17,580
0x56b11c50,27.00,126,513,100.17,583
0x56b11c52,27.00,126,514,100.18,581
0x56b11c53,27.00,125,462,100.18,583
0x56b11c55,27.00,126,508,100.18,583
0x56b11c57,27.00,126,495,100.18,579
0x56b11c59,27.00,126,410,100.19,582
0x56b11c5b,27.00,126,362,100.19,581
0x56b11c5c,26.94,126,403,100.17,585
0x56b11c5e,26.94,125,408,100.17,581
0x56b11c60,26.94,125,362,100.17,581
0x56b11c62,26.94,126,516,100.18,583
0x56b11c63,26.94,126,497,100.18,582
0x56b11c65,26.88,125,525,100.18,580
0x56b11c67,26.88,125,464,100.18,583
0x56b11c69,26.94,126,383,100.18,583
0x56b11c6b,26.88,125,482,100.16,584
0x56b11c6c,26.88,126,509,100.17,582
0x56b11c6e,26.94,125,503,100.18,583
0x56b11c70,26.88,126,507,100.18,583
0x56b11c72,26.81,126,506,100.17,581
0x56b11c73,26.81,126,516,100.17,583
0x56b11c75,26.88,125,507,100.18,582
0x56b11c77,26.88,126,503,100.17,582
0x56b11c79,26.88,126,387,100.18,580
0x56b11c7b,26.88,126,381,100.18,582
0x56b11c7c,26.88,125,463,100.18,582
0x56b11c7e,26.88,126,393,100.17,582
0x56b11c80,26.88,126,507,100.17,583
0x56b11c82,26.88,126,479,100.18,584
0x56b11c84,26.88,124,398,100.18,584
0x56b11c85,26.88,126,382,100.17,583
0x56b11c87,26.94,126,510,100.17,580
0x56b11c89,26.94,126,402,100.18,582
0x56b11c8b,27.00,125,507,100.18,583
0x56b11c8d,26.94,126,512,100.17,580
0x56b11c8e,27.00,126,507,100.18,579
0x56b11c90,27.00,126,507,100.17,579
0x56b11c92,27.00,126,531,100.18,582
0x56b11c94,27.00,126,514,100.17,579
0x56b11c95,27.06,126,494,100.19,579
0x56b11c97,27.06,125,441,100.18,578
0x56b11c99,27.06,125,359,100.18,582
0x56b11c9b,27.00,125,510,100.17,583
0x56b11c9d,27.06,125,472,100.17,578
0x56b11c9e,27.06,126,508,100.17,579
0x56b11ca0,27.06,126,507,100.18,583
0x56b11ca2,27.00,125,509,100.16,582
0x56b11ca4,27.00,126,460,100.17,553
0x56b11ca5,27.06,124,522,100.19,578
0x56b11ca7,27.13,124,508,100.19,581
0x56b11ca9,27.00,125,518,100.17,577
0x56b11cab,27.00,124,511,100.16,580
0x56b11cad,27.00,125,508,100.17,582
0x56b11cae,27.06,123,458,100.18,580
0x56b11cb0,27.06,124,498,100.18,582
0x56b11cb2,27.06,125,509,100.17,582
0x56b11cb4,27.06,124,511,100.18,579
0x56b11cb5,27.06,124,506,100.17,579
0x56b11cb7,27.06,124,496,100.17,580
0x56b11cb9,27.13,124,431,100.18,577
0x56b11cbb,27.13,125,502,100.18,576
0x56b11cbd,27.13,124,498,100.18,577
0x56b11cbe,27.13,125,540,100.17,577
0x56b11cc0,27.13,124,517,100.18,575
0x56b11cc2,27.13,123,512,100.17,578
0x56b11cc4,27.13,123,435,100.18,577
0x56b11cc5,27.19,124,511,100.18,576
0x56b11cc7,27.13,123,357,100.18,577
0x56b11cc9,27.19,124,510,100.18,578
0x56b11ccb,27.19,123,508,100.18,574
0x56b11ccd,27.19,123,508,100.18,575
0x56b11cce,27.19,123,519,100.18,578
0x56b11cd0,27.19,123,478,100.18,577
0x56b11cd2,27.19,123,517,100.18,578
0x56b11cd4,27.19,124,511,100.18,580
0x56b11cd5,27.19,124,507,100.18,578
0x56b11cd7,27.19,123,516,100.17,575
0x56b11cd9,27.19,124,482,100.18,579
0x56b11cdb,27.19,123,381,100.18,582
0x56b11cdd,27.13,123,370,100.16,581
0x56b11cde,27.25,123,512,100.18,576
0x56b11ce0,27.31,122,511,100.19,580
0x56b11ce2,27.25,123,504,100.17,575
0x56b11ce4,27.38,122,518,100.19,577
0x56b11ce5,27.25,123,507,100.16,575
0x56b11ce7,27.31,123,469,100.17,575
0x56b11ce9,27.25,122,512,100.16,573
0x56b11ceb,27.25,123,499,100.15,573
0x56b11ced,27.25,123,390,100.15,577
0x56b11cee,27.38,123,457,100.17,576
0x56b11cf0,27.38,123,511,100.17,578
0x56b11cf2,27.31,122,518,100.16,576
0x56b11cf4,27.38,123,489,100.17,573
0x56b11cf5,27.38,122,444,100.17,579
0x56b11cf7,27.38,122,493,100.18,573
0x56b11cf9,27.38,123,485,100.18,572
0x56b11cfb,27.44,122,490,100.19,574
0x56b11cfd,27.38,122,455,100.18,578
0x56b11cfe,27.44,122,362,100.18,576
0x56b11d00,27.38,123,366,100.17,579
0x56b11d02,27.38,122,404,100.17,578
0x56b11d04,27.38,123,383,100.16,576
0x56b11d05,27.38,122,493,100.16,576
0x56b11d07,27.50,122,440,100.18,573
0x56b11d09,27.38,122,415,100.15,573
0x56b11d0b,27.50,122,520,100.18,578
0x56b11d0d,27.44,122,391,100.16,578
0x56b11d0e,27.50,122,517,100.17,576
0x56b11d10,27.56,122,520,100.19,575
0x56b11d12,27.50,123,382,100.17,574
0x56b11d14,27.50,122,441,100.17,575
0x56b11d15,27.38,123,446,100.15,574
0x56b11d17,27.50,122,435,100.18,576
0x56b11d19,27.50,123,508,100.17,573
0x56b11d1b,27.50,122,475,100.17,571
0x56b11d1d,27.50,122,368,100.18,575
0x56b11d1e,27.50,122,484,100.18,573
0x56b11d20,27.44,122,408,100.16,573
0x56b11d22,27.44,122,404,100.16,574
0x56b11d24,27.50,122,503,100.17,575
0x56b11d25,27.50,122,505,100.17,573
0x56b11d27,27.50,122,502,100.17,573
0x56b11d29,27.44,122,410,100.16,576
0x56b11d2b,27.50,122,518,100.17,574
0x56b11d2d,27.50,122,520,100.17,575
0x56b11d2e,27.44,122,468,100.16,576
0x56b11d30,27.50,122,513,100.17,576
0x56b11d32,27.56,122,379,100.18,578
0x56b11d34,27.50,122,512,100.17,577
0x56b11d35,27.50,122,502,100.16,573
0x56b11d37,27.56,122,518,100.18,575
0x56b11d39,27.50,122,405,100.17,575
0x56b11d3b,27.50,122,553,100.16,572
0x56b11d3d,27.50,122,514,100.17,577
0x56b11d3e,27.63,122,374,100.19,572
0x56b11d40,27.44,122,489,100.15,576
0x56b11d42,27.50,121,548,100.16,575
0x56b11d44,27.50,122,623,100.16,572
0x56b11d45,27.56,122,512,100.17,572
0x56b11d47,27.56,122,505,100.17,577
0x56b11d49,27.50,121,507,100.16,576
0x56b11d4b,27.50,122,512,100.17,576
0x56b11d4d,27.50,121,512,100.16,575
0x56b11d4e,27.50,122,527,100.16,573
0x56b11d50,27.50,122,509,100.16,576
0x56b11d52,27.50,122,518,100.16,566
0x56b11d54,27.50,123,498,100.17,575
0x56b11d55,27.56,122,342,100.17,564
0x56b11d57,27.50,122,466,100.17,575
0x56b11d59,27.56,122,496,100.18,573
0x56b11d5b,27.44,121,509,100.15,576
0x56b11d5d,27.56,122,511,100.17,579
0x56b11d5e,27.56,122,517,100.16,575
0x56b11d60,27.63,122,513,100.18,575
0x56b11d62,27.50,121,505,100.16,574
0x56b11d64,27.56,123,510,100.17,575
0x56b11d66,27.56,122,506,100.17,577
0x56b11d67,27.56,122,505,100.16,577
0x56b11d69,27.56,122,514,100.16,575
0x56b11d6b,27.56,122,514,100.17,574
0x56b11d6d,27.56,122,514,100.17,577
0x56b11d6e,27.50,122,508,100.15,578
0x56b11d70,27.56,121,510,100.18,573
0x56b11d72,27.56,121,516,100.17,577
0x56b11d74,27.50,123,512,100.16,575
0x56b11d76,27.44,122,513,100.14,574
0x56b11d77,27.56,122,511,100.17,575
0x56b11d79,27.50,122,508,100.17,574
0x56b11d7b,27.50,121,554,100.16,575
0x56b11d7d,27.56,122,517,100.18,576
0x56b11d7e,27.50,122,515,100.18,578
0x56b11d80,27.50,121,513,100.18,573
0x56b11d82,27.44,122,503,100.17,580
0x56b11d84,27.44,122,466,100.17,574
0x56b11d86,27.44,122,520,100.17,575
0x56b11d87,27.38,122,412,100.16,574
0x56b11d89,27.50,123,498,100.18,621
0x56b11d8b,27.38,122,514,100.16,577
0x56b11d8d,27.38,123,512,100.17,576
0x56b11d8e,27.38,122,463,100.16,576
0x56b11d90,27.38,122,515,100.16,577
0x56b11d92,27.44,122,511,100.18,576
0x56b11d94,27.38,122,515,100.17,578
0x56b11d96,27.38,121,511,100.17,576
0x56b11d97,27.31,122,491,100.16,579
0x56b11d99,27.31,122,469,100.17,577
0x56b11d9b,27.31,122,428,100.16,580
0x56b11d9d,27.38,123,449,100.17,576
0x56b11d9e,27.38,122,505,100.17,578
0x56b11da0,27.31,123,512,100.15,575
0x56b11da2,27.25,123,487,100.14,577
0x56b11da4,27.44,122,526,100.18,578
0x56b11da6,27.38,122,381,100.16,575
0x56b11da7,27.38,122,525,100.16,575
0x56b11da9,27.44,122,519,100.19,574
0x56b11dab,27.25,122,385,100.15,576
0x56b11dad,27.38,122,383,100.17,577
0x56b11dae,27.31,121,456,100.17,577
0x56b11db0,27.31,123,413,100.16,578
0x56b11db2,27.38,122,373,100.19,579
0x56b11db4,27.31,123,376,100.17,578
0x56b11db6,27.31,122,387,100.17,580
0x56b11db7,27.31,123,377,100.18,579
0x56b11db9,27.31,122,507,100.17,578
0x56b11dbb,27.38,123,504,100.18,577
0x56b11dbd,27.38,122,498,100.18,578
0x56b11dbe,27.38,122,504,100.17,577
0x56b11dc0,27.31,121,509,100.16,574
0x56b11dc2,27.31,122,505,100.16,574
0x56b11dc4,27.31,122,504,100.17,576
0x56b11dc6,27.38,122,515,100.18,574
0x56b11dc7,27.31,122,502,100.16,573
0x56b11dc9,27.31,123,502,100.17,575
0x56b11dcb,27.38,123,507,100.18,576
0x56b11dcd,27.31,122,507,100.16,575
0x56b11dce,27.31,121,522,100.17,575
0x56b11dd0,27.25,122,388,100.16,574
0x56b11dd2,27.38,122,397,100.18,573
0x56b11dd4,27.31,123,509,100.18,577
0x56b11dd6,27.31,123,445,100.17,578
0x56b11dd7,27.31,121,504,100.17,574
0x56b11dd9,27.31,122,514,100.17,577
0x56b11ddb,27.31,122,521,100.17,574
0x56b11ddd,27.31,122,388,100.17,577
0x56b11dde,27.31,123,497,100.16,575
0x56b11de0,27.25,123,507,100.15,577
0x56b11de2,27.25,123,492,100.16,575
0x56b11de4,27.31,122,511,100.16,574
0x56b11de6,27.38,123,518,100.18,574
0x56b11de8,27.31,122,428,100.17,575
0x56b11de9,27.31,123,509,100.17,573
0x56b11deb,27.31,122,512,100.17,575
0x56b11ded,27.31,122,495,100.16,577
0x56b11def,27.31,123,500,100.16,576
0x56b11df0,27.31,123,512,100.17,574
0x56b11df2,27.25,122,508,100.16,572
0x56b11df4,27.31,123,518,100.18,572
0x56b11df6,27.31,122,419,100.17,573
0x56b11df8,27.25,122,504,100.16,573
0x56b11df9,27.25,123,522,100.16,575
0x56b11dfb,27.31,123,503,100.16,574
0x56b11dfd,27.25,122,447,100.15,577
0x56b11dff,27.38,123,411,100.18,573
0x56b11e00,27.38,122,513,100.18,578
0x56b11e02,27.31,122,503,100.17,574
0x56b11e04,27.31,122,499,100.17,578
0x56b11e06,27.31,123,517,100.17,574
0x56b11e08,27.31,122,518,100.17,575
0x56b11e09,27.38,123,447,100.17,578
0x56b11e0b,27.31,122,521,100.17,579
0x56b11e0d,27.44,121,514,100.18,577
0x56b11e0f,27.44,122,502,100.18,574
0x56b11e10,27.38,122,386,100.17,575
0x56b11e12,27.44,123,533,100.17,572
0x56b11e14,27.38,122,511,100.16,570
0x56b11e16,27.44,24,510,100.16,571
0x56b11e18,27.44,24,509,100.17,574
0x56b11e19,27.44,24,455,100.16,573
0x56b11e1b,27.38,23,435,100.15,576
0x56b11e1d,27.44,24,509,100.17,576
0x56b11e1f,27.44,24,492,100.16,575
0x56b11e20,27.38,25,518,100.15,574
0x56b11e22,27.44,24,518,100.16,573
0x56b11e24,27.44,24,512,100.16,573
0x56b11e26,27.56,25,424,100.18,575
0x56b11e28,27.44,24,499,100.16,572
0x56b11e29,27.44,24,503,100.16,575
0x56b11e2b,27.56,24,511,100.18,572
0x56b11e2d,27.50,25,513,100.17,575
0x56b11e2f,27.44,25,416,100.16,549
0x56b11e31,27.44,25,503,100.16,576
0x56b11e32,27.50,25,510,100.17,574
0x56b11e34,27.50,24,512,100.17,578
0x56b11e36,27.44,24,523,100.16,579
0x56b11e38,27.50,24,511,100.17,576
0x56b11e39,27.50,24,502,100.17,580
0x56b11e3b,27.50,24,519,100.17,575
0x56b11e3d,27.50,24,458,100.17,576
0x56b11e3f,27.50,24,504,100.17,579
0x56b11e41,27.50,24,506,100.17,579
0x56b11e42,27.38,25,407,100.14,578
0x56b11e44,27.50,25,525,100.17,577
0x56b11e46,27.50,25,462,100.18,578
0x56b11e48,27.38,25,504,100.15,573
0x56b11e49,27.44,25,500,100.17,575
0x56b11e4b,27.50,24,513,100.17,574
0x56b11e4d,27.50,24,507,100.17,576
0x56b11e4f,27.44,25,471,100.17,578
0x56b11e51,27.44,24,452,100.17,574
0x56b11e52,27.44,25,512,100.17,575
0x56b11e54,27.44,24,509,100.17,578
0x56b11e56,27.50,25,396,100.19,575
0x56b11e58,27.38,25,517,100.16,575
0x56b11e59,27.38,26,510,100.16,576
0x56b11e5b,27.44,25,514,100.17,578
0x56b11e5d,27.44,26,509,100.16,572
0x56b11e5f,27.50,25,517,100.18,580
0x56b11e61,27.38,26,512,100.15,577
0x56b11e62,27.44,24,508,100.16,576
0x56b11e64,27.38,25,431,100.15,575
0x56b11e66,27.50,26,511,100.18,579
0x56b11e68,27.44,25,507,100.15,575
0x56b11e69,27.50,24,513,100.17,579
0x56b11e6b,27.44,25,508,100.15,574
0x56b11e6d,27.38,25,507,100.15,575
0x56b11e6f,27.56,24,512,100.18,577
0x56b11e71,27.50,25,514,100.17,576
0x56b11e72,27.56,25,512,100.18,576
0x56b11e74,27.44,25,445,100.16,577
0x56b11e76,27.50,25,444,100.17,578
0x56b11e78,27.44,25,506,100.16,576
0x56b11e79,27.44,26,521,100.16,579
0x56b11e7b,27.44,25,532,100.16,578
0x56b11e7d,27.50,25,520,100.16,577
0x56b11e7f,27.50,25,510,100.17,579
0x56b11e81,27.44,25,512,100.16,581
0x56b11e82,27.38,28,511,100.15,577
0x56b11e84,27.44,25,509,100.17,581
0x56b11e86,27.44,25,503,100.17,578
0x56b11e88,27.44,26,511,100.17,578
0x56b11e8a,27.25,26,523,100.13,578
0x56b11e8b,27.44,26,508,100.16,577
0x56b11e8d,27.38,25,510,100.16,573
0x56b11e8f,27.38,25,504,100.16,580
0x56b11e91,27.38,26,509,100.17,581
0x56b11e92,27.31,26,498,100.15,583
0x56b11e94,27.38,25,520,100.17,582
0x56b11e96,27.31,26,510,100.16,583
0x56b11e98,27.31,26,510,100.16,582
0x56b11e9a,27.31,25,525,100.15,584
0x56b11e9b,27.31,26,497,100.16,583
0x56b11e9d,27.31,26,503,100.16,582
0x56b11e9f,27.38,26,404,100.18,580
0x56b11ea1,27.31,26,436,100.17,582
0x56b11ea2,27.31,26,400,100.16,579
0x56b11ea4,27.31,25,510,100.16,582
0x56b11ea6,27.31,26,512,100.16,581
0x56b11ea8,27.25,26,374,100.14,581
0x56b11eaa,27.31,26,449,100.16,561
0x56b11eab,27.31,26,510,100.17,578
0x56b11ead,27.31,26,518,100.17,579
0x56b11eaf,27.31,26,515,100.16,582
0x56b11eb1,27.31,25,512,100.16,582
0x56b11eb2,27.31,26,409,100.16,580
0x56b11eb4,27.31,25,507,100.17,585
0x56b11eb6,27.31,26,384,100.17,581
0x56b11eb8,27.25,26,509,100.15,585
0x56b11eba,27.31,26,509,100.17,580
0x56b11ebb,27.25,26,502,100.16,584
0x56b11ebd,27.25,25,511,100.16,607
0x56b11ebf,27.31,26,516,100.18,581
0x56b11ec1,27.19,26,513,100.15,583
0x56b11ec3,27.19,26,537,100.15,583
0x56b11ec4,27.19,26,396,100.16,583
0x56b11ec6,27.13,25,479,100.14,581
0x56b11ec8,27.19,26,504,100.16,586
0x56b11eca,27.13,25,511,100.15,581
0x56b11ecb,27.25,26,397,100.17,583
0x56b11ecd,27.19,25,507,100.16,581
0x56b11ecf,27.19,26,511,100.17,585
0x56b11ed1,27.19,26,505,100.16,583
0x56b11ed2,27.13,25,523,100.15,583
0x56b11ed4,27.19,25,406,100.17,581
0x56b11ed6,27.19,26,506,100.17,583
0x56b11ed8,27.19,26,503,100.17,580
0x56b11eda,27.19,26,502,100.17,583
0x56b11edb,27.19,26,505,100.18,581
0x56b11edd,27.13,25,509,100.16,586
0x56b11edf,27.13,26,519,100.16,585
0x56b11ee1,27.19,26,510,100.16,582
0x56b11ee2,27.13,26,506,100.16,582
0x56b11ee4,27.19,26,487,100.18,583
0x56b11ee6,27.13,26,506,100.15,585
0x56b11ee8,27.19,26,492,100.16,582
0x56b11eea,27.06,25,471,100.14,586
0x56b11eeb,27.19,26,512,100.16,582
0x56b11eed,27.25,26,511,100.18,585
0x56b11eef,27.13,26,415,100.15,581
0x56b11ef1,27.19,26,513,100.17,584
0x56b11ef3,27.19,26,528,100.17,583
0x56b11ef4,27.13,24,430,100.15,582
0x56b11ef6,27.13,26,520,100.16,583
0x56b11ef8,27.13,26,506,100.16,587
0x56b11efa,27.13,26,512,100.15,581
0x56b11efb,27.13,26,532,100.16,583
0x56b11efd,27.13,26,450,100.16,585
0x56b11eff,27.19,26,515,100.17,582
0x56b11f01,27.19,27,436,100.17,584
0x56b11f02,27.13,27,506,100.16,582
0x56b11f04,27.19,26,509,100.16,579
0x56b11f06,27.13,27,502,100.15,580
0x56b11f08,27.19,26,447,100.17,581
0x56b11f0a,27.19,27,492,100.16,581
0x56b11f0b,27.19,26,512,100.16,583
0x56b11f0d,27.25,27,506,100.17,584
0x56b11f0f,27.25,26,511,100.16,579
0x56b11f11,27.25,26,510,100.17,580
0x56b11f12,27.25,26,508,100.16,584
0x56b11f14,27.31,26,513,100.17,580
0x56b11f16,27.31,27,507,100.18,582
0x56b11f18,27.25,26,507,100.16,586
0x56b11f1a,27.31,27,502,100.17,583
0x56b11f1b,27.25,26,493,100.16,584
0x56b11f1d,27.31,26,517,100.17,585
0x56b11f1f,27.25,26,503,100.16,582
0x56b11f21,27.38,26,550,100.18,583
0x56b11f23,27.25,26,499,100.15,585
0x56b11f24,27.31,25,401,100.18,584
0x56b11f26,27.25,26,511,100.16,586
0x56b11f28,27.25,26,504,100.16,546
0x56b11f2a,27.31,26,463,100.17,583
0x56b11f2b,27.31,26,522,100.16,585
0x56b11f2d,27.31,27,509,100.17,584
0x56b11f2f,27.25,26,510,100.16,583
0x56b11f31,27.31,26,500,100.17,583
0x56b11f33,27.19,26,527,100.14,558
0x56b11f34,27.31,26,514,100.18,583
0x56b11f36,27.25,26,507,100.16,579
0x56b11f38,27.31,26,485,100.16,582
0x56b11f3a,27.31,26,510,100.17,581
0x56b11f3b,27.25,25,442,100.16,581
0x56b11f3d,27.25,26,538,100.16,580
0x56b11f3f,27.31,26,513,100.17,578
0x56b11f41,27.25,26,425,100.16,578
0x56b11f43,27.25,26,504,100.16,581
0x56b11f44,27.31,26,526,100.16,580
0x56b11f46,27.25,26,516,100.16,586
0x56b11f48,27.25,26,479,100.16,584
0x56b11f4a,27.25,26,518,100.16,584
0x56b11f4b,27.31,26,504,100.17,585
0x56b11f4d,27.25,26,510,100.16,581
0x56b11f4f,27.31,26,512,100.17,580
0x56b11f51,27.31,26,409,100.17,583
0x56b11f53,27.31,26,516,100.17,552
0x56b11f54,27.31,26,502,100.17,581
0x56b11f56,27.31,27,502,100.16,578
0x56b11f58,27.31,26,509,100.16,581
0x56b11f5a,27.31,26,531,100.17,584
0x56b11f5b,27.31,27,458,100.16,579
0x56b11f5d,27.25,27,534,100.16,582
0x56b11f5f,27.31,26,512,100.16,580
0x56b11f61,27.38,26,514,100.18,581
0x56b11f63,27.38,26,449,100.17,580
0x56b11f64,27.31,26,514,100.15,583
0x56b11f66,27.38,26,516,100.16,579
0x56b11f68,27.31,27,440,100.16,580
0x56b11f6a,27.38,26,499,100.17,578
0x56b11f6b,27.44,27,527,100.17,580
0x56b11f6d,27.38,26,420,100.16,578
0x56b11f6f,27.44,26,434,100.18,581
0x56b11f71,27.38,26,512,100.16,579
0x56b11f73,27.44,26,521,100.17,579
0x56b11f74,27.38,27,461,100.16,580
0x56b11f76,27.38,26,515,100.15,580
0x56b11f78,27.38,26,475,100.16,585
0x56b11f7a,27.44,26,507,100.16,581
0x56b11f7c,27.38,26,499,100.16,585
0x56b11f7d,27.44,27,511,100.16,584
0x56b11f7f,27.44,27,507,100.17,580
0x56b11f81,27.44,26,509,100.15,585
0x56b11f83,27.50,27,503,100.16,583
0x56b11f84,27.44,27,427,100.15,584
0x56b11f86,27.50,27,502,100.17,582
0x56b11f88,27.44,26,522,100.16,580
0x56b11f8a,27.50,27,515,100.16,579
0x56b11f8c,27.44,26,519,100.15,579
0x56b11f8d,27.44,27,428,100.15,612
0x56b11f8f,27.44,27,517,100.15,580
0x56b11f91,27.44,27,510,100.14,579
0x56b11f93,27.56,27,505,100.18,580
0x56b11f95,27.50,27,507,100.16,578
0x56b11f96,27.56,26,481,100.16,581
0x56b11f98,27.56,27,509,100.17,578
0x56b11f9a,27.56,27,511,100.16,581
0x56b11f9c,27.50,27,515,100.15,580
0x56b11f9d,27.44,26,518,100.14,583
0x56b11f9f,27.56,27,511,100.16,581
0x56b11fa1,27.50,27,518,100.15,583
0x56b11fa3,27.56,27,524,100.16,583
0x56b11fa5,27.63,26,515,100.17,582
0x56b11fa6,27.63,26,458,100.17,578
0x56b11fa8,27.63,27,509,100.17,582
0x56b11faa,27.63,26,506,100.16,580
0x56b11fac,27.63,27,495,100.16,578
0x56b11fad,27.63,27,504,100.16,579
0x56b11faf,27.69,27,504,100.16,580
0x56b11fb1,27.69,27,407,100.16,577
0x56b11fb3,27.63,27,435,100.16,575
0x56b11fb5,27.56,26,398,100.14,576
0x56b11fb6,27.56,26,512,100.14,574
0x56b11fb8,27.63,27,514,100.15,574
0x56b11fba,27.63,27,515,100.16,576
0x56b11fbc,27.63,26,510,100.15,578
0x56b11fbd,27.50,26,462,100.14,579
0x56b11fbf,27.63,27,515,100.16,580
0x56b11fc1,27.69,27,510,100.18,576
0x56b11fc3,27.63,27,514,100.16,579
0x56b11fc5,27.56,26,519,100.14,578
0x56b11fc6,27.63,27,489,100.16,580
0x56b11fc8,27.63,24,512,100.17,576
0x56b11fca,27.63,27,509,100.17,580
0x56b11fcc,27.56,26,510,100.15,577
0x56b11fce,27.63,27,505,100.17,580
0x56b11fcf,27.69,26,513,100.17,576
0x56b11fd1,27.63,27,508,100.16,577
0x56b11fd3,27.56,26,509,100.14,576
0x56b11fd5,27.69,27,487,100.17,579
0x56b11fd6,27.56,27,520,100.15,576
0x56b11fd8,27.63,26,512,100.16,579
0x56b11fda,27.56,27,511,100.15,580
0x56b11fdc,27.63,26,514,100.16,576
0x56b11fde,27.63,27,514,100.16,578
0x56b11fdf,27.63,27,441,100.16,577
0x56b11fe1,27.69,27,511,100.17,575
0x56b11fe3,27.69,26,478,100.17,580
0x56b11fe5,27.63,26,509,100.15,579
0x56b11fe7,27.63,27,512,100.16,580
0x56b11fe8,27.69,27,517,100.17,580
0x56b11fea,27.69,26,498,100.16,580
0x56b11fec,27.69,26,512,100.16,578
0x56b11fee,27.69,26,517,100.16,577
0x56b11fef,27.81,27,475,100.18,578
0x56b11ff1,27.63,27,498,100.14,576
0x56b11ff3,27.81,27,519,100.18,576
0x56b11ff5,27.75,26,508,100.16,576
0x56b11ff7,27.75,26,382,100.17,578
0x56b11ff8,27.75,26,508,100.16,575
0x56b11ffa,27.75,27,504,100.16,574
0x56b11ffc,27.75,26,510,100.16,574
0x56b11ffe,27.75,26,471,100.16,575
0x56b11fff,27.75,26,380,100.16,574
0x56b12001,27.81,27,392,100.16,575
0x56b12003,27.81,26,520,100.17,578
0x56b12005,27.75,26,511,100.15,577
0x56b12007,27.75,26,502,100.16,580
0x56b12008,27.75,26,514,100.16,577
0x56b1200a,27.75,27,498,100.16,577
0x56b1200c,27.75,26,378,100.16,579
0x56b1200e,27.75,23,464,100.16,576
0x56b12010,27.69,26,517,100.14,578
0x56b12011,27.69,26,494,100.15,580
0x56b12013,27.69,26,519,100.16,577
0x56b12015,27.69,26,517,100.15,575
0x56b12017,27.75,27,512,100.17,579
0x56b12017
0x56b12019,27.63,26,524,100.15,577
0x56b1201b,27.63,26,501,100.16,579
0x56b1201d,27.63,26,475,100.15,579
0x56b1201e,27.63,26,471,100.15,579
0x56b12020,27.63,26,382,100.16,580
0x56b12022,27.63,26,388,100.16,578
0x56b12024,27.63,25,412,100.16,578
0x56b12026,27.63,26,490,100.17,582
0x56b12027,27.56,26,398,100.15,578
0x56b12029,27.63,26,520,100.16,603
0x56b1202b,27.63,26,513,100.16,578
0x56b1202d,27.56,26,514,100.16,579
0x56b1202f,27.63,26,513,100.16,579
0x56b12030,27.63,26,509,100.17,580
0x56b12032,27.56,26,523,100.16,581
0x56b12034,27.56,25,512,100.16,577
0x56b12036,27.63,26,497,100.16,577
0x56b12038,27.56,26,396,100.16,581
0x56b12039,27.50,27,523,100.14,582
0x56b1203b,27.56,26,449,100.16,579
0x56b1203d,27.50,27,512,100.15,577
0x56b1203f,27.44,26,533,100.15,580
0x56b12041,27.50,26,492,100.16,580
0x56b12042,27.50,26,514,100.16,582
0x56b12044,27.50,26,512,100.17,579
0x56b12046,27.50,26,483,100.17,581
0x56b12048,27.44,26,490,100.16,582
0x56b12049,27.44,26,484,100.16,582
0x56b1204b,27.56,26,534,100.19,578
0x56b1204d,27.38,26,464,100.15,582
0x56b1204f,27.50,26,504,100.17,580
0x56b12051,27.50,26,384,100.17,582
0x56b12052,27.50,26,419,100.18,584
0x56b12054,27.44,25,380,100.16,579
0x56b12056,27.44,26,385,100.17,583
0x56b12058,27.38,26,517,100.15,580
0x56b12059,27.44,26,510,100.16,579
0x56b1205b,27.44,25,369,100.17,583
0x56b1205d,27.38,26,387,100.15,581
0x56b1205f,27.44,25,391,100.17,613
0x56b12061,27.38,26,458,100.15,581
0x56b12062,27.44,25,429,100.16,580
0x56b12064,27.31,26,381,100.15,581
0x56b12066,27.44,26,400,100.17,580
0x56b12068,27.44,26,399,100.17,581
0x56b1206a,27.44,25,365,100.16,582
0x56b1206b,27.44,26,400,100.16,580
0x56b1206d,27.44,26,397,100.16,579
0x56b1206f,27.44,25,512,100.16,579
0x56b12071,27.50,26,507,100.17,583
0x56b12072,27.44,26,528,100.15,583
0x56b12074,27.50,26,513,100.17,583
0x56b12076,27.50,26,515,100.17,579
0x56b12078,27.56,25,511,100.19,583
0x56b1207a,27.44,26,368,100.15,583
0x56b1207b,27.44,26,519,100.15,583
0x56b1207d,27.50,26,515,100.16,580
0x56b1207f,27.44,26,510,100.16,579
0x56b12081,27.44,26,512,100.16,580
0x56b12083,27.50,26,516,100.16,583
0x56b12084,27.50,26,514,100.16,583
0x56b12086,27.56,26,503,100.17,582
0x56b12088,27.50,26,508,100.17,585
0x56b1208a,27.44,25,510,100.15,581
0x56b1208c,27.50,25,513,100.16,581
0x56b1208d,27.44,26,382,100.14,580
0x56b1208f,27.56,26,508,100.17,582
0x56b12091,27.50,26,501,100.15,576
0x56b12093,27.50,26,515,100.17,581
0x56b12094,27.50,25,506,100.15,577
0x56b12096,27.50,25,436,100.16,577
0x56b12098,27.50,26,519,100.15,579
0x56b1209a,27.56,26,416,100.16,574
0x56b1209c,27.63,26,504,100.18,576
0x56b1209d,27.50,25,504,100.16,577
0x56b1209f,27.50,25,518,100.16,577
0x56b120a1,27.56,26,380,100.16,575
0x56b120a3,27.56,26,494,100.17,574
0x56b120a5,27.56,25,366,100.17,579
0x56b120a6,27.63,26,400,100.17,576
0x56b120a8,27.56,26,443,100.17,576
0x56b120aa,27.56,26,373,100.17,576
0x56b120ac,27.56,26,514,100.17,577
0x56b120ad,27.56,26,465,100.16,579
0x56b120af,27.56,26,411,100.16,542
0x56b120b1,27.56,25,504,100.17,577
0x56b120b3,27.56,26,505,100.17,580
0x56b120b5,27.50,26,505,100.16,575
0x56b120b6,27.50,26,523,100.15,578
0x56b120b8,27.56,26,506,100.17,579
0x56b120ba,27.50,25,519,100.15,580
0x56b120bc,27.56,26,482,100.17,582
0x56b120bd,27.50,26,525,100.15,579
0x56b120bf,27.50,26,511,100.15,582
0x56b120c1,27.56,26,504,100.16,583
0x56b120c3,27.56,25,508,100.16,582
0x56b120c5,27.44,25,398,100.14,582
0x56b120c6,27.56,26,421,100.16,584
0x56b120c8,27.56,26,509,100.17,579
0x56b120ca,27.56,25,487,100.16,581
0x56b120cc,27.56,26,508,100.17,583
0x56b120cd,27.63,26,506,100.17,580
0x56b120cf,27.63,26,478,100.16,579
0x56b120d1,27.63,26,466,100.16,570
0x56b120d3,27.63,26,406,100.16,578
0x56b120d5,27.63,26,504,100.16,575
0x56b120d6,27.69,26,543,100.17,581
0x56b120d8,27.69,25,386,100.17,578
0x56b120da,27.63,26,516,100.17,576
0x56b120dc,27.69,26,510,100.17,579
0x56b120dd,27.63,26,515,100.16,576
0x56b120df,27.63,26,516,100.16,577
0x56b120e1,27.63,26,414,100.16,577
0x56b120e3,27.63,24,508,100.16,577
0x56b120e5,27.69,26,510,100.16,580
0x56b120e6,27.56,26,505,100.14,582
0x56b120e8,27.69,26,389,100.17,580
0x56b120ea,27.69,26,368,100.17,577
0x56b120ec,27.75,26,400,100.18,583
0x56b120ed,27.75,26,359,100.17,580
0x56b120ef,27.75,26,364,100.18,579
0x56b120f1,27.69,25,518,100.16,578
0x56b120f3,27.69,27,509,100.15,578
0x56b120f5,27.69,26,512,100.16,581
0x56b120f6,27.69,26,512,100.16,578
0x56b120f8,27.81,27,513,100.17,576
0x56b120fa,27.75,26,490,100.16,580
0x56b120fc,27.75,26,512,100.16,575
0x56b120fe,27.81,27,446,100.17,580
0x56b120ff,27.75,26,412,100.15,579
0x56b12101,27.75,26,396,100.16,578
0x56b12103,27.75,26,502,100.16,580
0x56b12105,27.75,26,498,100.16,577
0x56b12106,27.75,27,418,100.16,578
0x56b12108,27.88,26,414,100.18,579
0x56b1210a,27.75,27,509,100.15,579
0x56b1210c,27.75,26,411,100.16,581
0x56b1210e,27.81,26,500,100.17,577
0x56b1210f,27.75,24,513,100.17,578
0x56b12111,27.75,26,503,100.17,578
0x56b12113,27.75,26,389,100.17,582
0x56b12115,27.81,26,376,100.17,577
0x56b12116,27.75,27,511,100.16,577
0x56b12118,27.81,26,368,100.18,577
0x56b1211a,27.75,26,506,100.16,578
0x56b1211c,27.75,26,378,100.16,576
0x56b1211e,27.81,27,505,100.17,579
0x56b1211f,27.81,27,510,100.18,581
0x56b12121,27.81,26,504,100.17,577
0x56b12123,27.75,27,516,100.17,580
0x56b12125,27.75,26,519,100.16,577
0x56b12126,27.81,27,382,100.17,580
0x56b12128,27.81,27,505,100.17,581
0x56b1212a,27.75,27,510,100.15,579
0x56b1212c,27.75,27,521,100.16,578
0x56b1212e,27.75,26,502,100.17,577
0x56b1212f,27.81,27,503,100.17,577
0x56b12131,27.81,26,532,100.18,577
0x56b12133,27.75,27,496,100.16,578
0x56b12135,27.81,26,438,100.17,569
0x56b12137,27.81,26,424,100.17,579
0x56b12138,27.81,27,396,100.16,580
0x56b1213a,27.75,27,387,100.16,580
0x56b1213c,27.81,27,513,100.17,576
0x56b1213e,27.75,27,534,100.16,578
0x56b1213f,27.81,27,511,100.16,575
0x56b12141,27.88,27,415,100.16,575
0x56b12143,27.88,26,438,100.17,573
0x56b12145,27.88,27,487,100.17,578
0x56b12147,27.81,26,488,100.16,577
0x56b12148,27.88,27,412,100.16,573
0x56b1214a,27.88,26,403,100.17,573
0x56b1214c,27.94,26,508,100.18,572
0x56b1214e,27.88,27,515,100.17,578
0x56b1214f,27.88,27,501,100.17,573
0x56b12151,27.88,27,511,100.16,572
0x56b12153,27.88,27,421,100.16,572
0x56b12155,27.88,27,515,100.18,574
0x56b12157,27.81,27,529,100.16,575
0x56b12158,27.94,27,505,100.19,577
0x56b1215a,27.88,27,512,100.17,576
0x56b1215c,27.88,27,476,100.17,575
0x56b1215e,27.81,27,505,100.17,576
0x56b1215f,27.81,27,509,100.17,572
0x56b12161,27.81,27,366,100.16,574
0x56b12163,27.75,27,498,100.15,572
0x56b12165,27.75,27,506,100.16,573
0x56b12167,27.81,27,372,100.17,576
0x56b12168,27.81,27,505,100.16,575
0x56b1216a,27.75,26,513,100.15,575
0x56b1216c,27.75,27,509,100.16,577
0x56b1216e,27.81,28,372,100.17,575
0x56b1216f,27.81,27,519,100.17,576
0x56b12171,27.75,27,465,100.17,571
0x56b12173,27.75,28,510,100.17,575
0x56b12175,27.75,28,512,100.17,573
0x56b12177,27.75,27,505,100.17,573
0x56b12178,27.75,27,508,100.16,577
0x56b1217a,27.75,27,508,100.16,572
0x56b1217c,27.81,27,493,100.18,575
0x56b1217e,27.75,27,467,100.17,570
0x56b12180,27.75,28,522,100.16,573
0x56b12181,27.75,27,507,100.16,573
0x56b12183,27.69,28,367,100.16,571
0x56b12185,27.69,28,524,100.16,572
0x56b12187,27.69,27,459,100.16,569
0x56b12188,27.69,27,480,100.16,572
0x56b1218a,27.69,27,400,100.16,575
0x56b1218c,27.75,28,505,100.18,576
0x56b1218e,27.69,28,366,100.17,577
0x56b12190,27.75,27,520,100.17,573
0x56b12191,27.69,28,444,100.16,573
0x56b12193,27.75,27,428,100.17,574
0x56b12195,27.69,28,430,100.17,574
0x56b12197,27.75,28,510,100.17,579
0x56b12199,27.75,29,467,100.17,579
0x56b1219a,27.75,29,443,100.17,575
0x56b1219c,27.81,29,520,100.17,576
0x56b1219e,27.75,29,509,100.16,576
0x56b121a0,27.75,28,518,100.16,575
0x56b121a1,27.75,29,508,100.16,552
0x56b121a3,27.81,28,513,100.17,576
0x56b121a5,27.81,28,495,100.17,576
0x56b121a7,27.75,28,412,100.16,573
0x56b121a9,27.81,27,446,100.17,573
0x56b121aa,27.88,28,517,100.18,578
0x56b121ac,27.75,27,503,100.15,577
0x56b121ae,27.81,28,507,100.17,572
0x56b121b0,27.81,28,512,100.17,575
0x56b121b1,27.81,28,511,100.17,573
0x56b121b3,27.81,28,505,100.16,572
0x56b121b5,27.81,28,514,100.16,578
0x56b121b7,27.81,27,510,100.17,573
0x56b121b9,27.75,28,525,100.15,575
0x56b121ba,27.81,27,509,100.17,574
0x56b121bc,27.81,28,496,100.16,575
0x56b121be,27.81,28,497,100.16,574
0x56b121c0,27.94,28,509,100.19,576
0x56b121c1,27.88,27,511,100.17,576
0x56b121c3,27.88,27,497,100.18,574
0x56b121c5,27.81,27,511,100.16,571
0x56b121c7,27.81,28,530,100.16,570
0x56b121c9,27.81,28,475,100.16,572
0x56b121ca,27.81,28,510,100.16,570
0x56b121cc,27.94,27,506,100.19,570
0x56b121ce,27.94,28,514,100.18,571
0x56b121d0,27.88,27,508,100.17,572
0x56b121d1,27.88,27,528,100.18,569
0x56b121d3,27.88,27,514,100.17,568
0x56b121d5,27.81,27,510,100.15,571
0x56b121d7,27.81,27,508,100.16,573
0x56b121d9,27.81,27,510,100.16,573
0x56b121da,27.94,27,488,100.18,570
0x56b121dc,27.88,28,510,100.17,575
0x56b121de,27.81,28,509,100.16,573
0x56b121e0,27.88,28,502,100.17,576
0x56b121e1,27.81,27,514,100.17,577
0x56b121e3,27.88,28,498,100.18,575
0x56b121e5,27.81,31,532,100.16,575
0x56b121e7,27.88,28,511,100.18,577
0x56b121e9,27.88,28,508,100.18,577
0x56b121ea,27.94,29,510,100.19,573
0x56b121ec,27.81,28,510,100.17,577
0x56b121ee,27.94,28,388,100.19,575
0x56b121f0,27.81,28,469,100.17,576
0x56b121f2,27.81,28,493,100.17,575
0x56b121f3,27.81,29,514,100.17,576
0x56b121f5,27.81,28,500,100.17,576
0x56b121f7,27.81,29,482,100.18,576
0x56b121f9,27.81,29,504,100.18,579
0x56b121fa,27.81,29,511,100.18,576
0x56b121fc,27.81,28,516,100.17,573
0x56b121fe,27.75,27,483,100.17,579
0x56b12200,27.81,27,515,100.17,576
0x56b12202,27.75,27,496,100.17,575
0x56b12203,27.75,28,497,100.17,578
0x56b12205,27.75,28,511,100.17,577
0x56b12207,27.69,28,513,100.17,580
0x56b12209,27.75,27,446,100.17,578
0x56b1220a,27.81,27,452,100.19,576
0x56b1220c,27.69,28,432,100.16,576
0x56b1220e,27.63,29,516,100.15,577
0x56b12210,27.75,28,510,100.19,576
0x56b12212,27.75,28,512,100.18,576
0x56b12213,27.69,28,506,100.16,578
0x56b12215,27.75,28,508,100.18,575
0x56b12217,27.69,28,518,100.17,573
0x56b12219,27.75,28,513,100.17,576
0x56b1221b,27.75,29,374,100.17,573
0x56b1221c,27.69,29,507,100.16,575
0x56b1221e,27.63,29,506,100.15,577
0x56b12220,27.56,29,508,100.15,574
0x56b12222,27.69,30,513,100.17,575
0x56b12223,27.69,30,514,100.17,575
0x56b12225,27.75,31,513,100.17,573
0x56b12227,27.75,31,461,100.18,573
0x56b12229,27.69,31,509,100.15,577
0x56b1222b,27.81,30,418,100.19,575
0x56b1222c,27.81,30,421,100.17,575
0x56b1222e,27.81,29,460,100.18,574
0x56b12230,27.75,30,510,100.16,573
0x56b12232,27.81,29,508,100.17,570
0x56b12233,27.81,29,509,100.17,575
0x56b12235,27.75,29,510,100.15,572
0x56b12237,27.81,29,494,100.17,573
0x56b12239,27.81,29,513,100.17,573
0x56b1223b,27.88,28,517,100.18,576
0x56b1223c,27.75,29,506,100.17,573
0x56b1223e,27.75,29,511,100.15,578
0x56b12240,27.81,28,507,100.17,578
0x56b12242,27.75,29,506,100.16,574
0x56b12243,27.88,29,516,100.17,577
0x56b12245,27.88,29,518,100.17,577
0x56b12247,27.94,30,524,100.17,572
0x56b12249,27.94,28,516,100.18,573
0x56b1224b,27.88,30,508,100.16,574
0x56b1224c,27.94,29,518,100.17,576
0x56b1224e,27.94,29,510,100.17,573
0x56b12250,27.94,30,503,100.17,576
0x56b12252,27.94,30,486,100.17,572
0x56b12253,28.00,30,446,100.18,576
0x56b12255,28.00,29,513,100.17,572
0x56b12257,27.94,30,506,100.16,572
0x56b12259,27.94,30,510,100.16,575
0x56b1225b,28.00,30,529,100.16,574
0x56b1225c,28.00,29,513,100.16,574
0x56b1225e,28.06,30,521,100.17,575
0x56b12260,28.00,30,450,100.16,573
0x56b12262,28.00,30,505,100.17,576
0x56b12263,28.00,30,507,100.16,576
0x56b12265,28.13,29,505,100.18,572
0x56b12267,28.06,30,509,100.17,576
0x56b12269,28.06,30,431,100.17,578
0x56b1226b,28.06,30,502,100.16,574
0x56b1226c,28.00,30,513,100.16,580
0x56b1226e,28.13,30,476,100.18,576
0x56b12270,28.06,30,509,100.17,577
0x56b12272,28.06,30,506,100.16,580
0x56b12273,28.06,30,507,100.17,580
0x56b12274
0x56b12276,28.13,30,514,100.19,580
0x56b12278,28.06,30,513,100.17,575
0x56b12279,28.06,30,518,100.16,576
0x56b1227b,28.00,30,483,100.16,579
0x56b1227d,28.13,30,538,100.18,580
0x56b1227f,28.13,29,416,100.18,579
0x56b12280,28.00,30,514,100.16,575
0x56b12282,28.00,30,516,100.15,577
0x56b12284,28.00,30,513,100.17,575
0x56b12286,28.06,30,520,100.17,575
0x56b12288,28.00,30,509,100.16,576
0x56b12289,28.06,30,524,100.17,579
0x56b1228b,28.00,30,508,100.16,576
0x56b1228d,28.06,30,511,100.18,574
0x56b1228f,28.00,30,510,100.17,577
0x56b12290,27.94,30,486,100.15,579
0x56b12292,27.94,29,507,100.15,576
0x56b12294,28.00,30,509,100.16,577
0x56b12296,27.94,29,509,100.16,580
0x56b12298,27.94,30,525,100.16,581
0x56b12299,27.88,29,516,100.15,577
0x56b1229b,27.94,30,520,100.17,579
0x56b1229d,27.88,30,507,100.15,580
0x56b1229f,27.88,29,501,100.15,576
0x56b122a0,27.88,29,511,100.15,577
0x56b122a2,27.88,30,505,100.15,579
0x56b122a4,27.88,29,514,100.15,578
0x56b122a6,27.94,29,485,100.17,580
0x56b122a8,27.94,29,508,100.17,579
0x56b122a9,27.94,29,475,100.18,581
0x56b122ab,27.94,30,436,100.18,578
0x56b122ad,27.81,30,518,100.16,579
0x56b122af,27.81,30,480,100.16,578
0x56b122b0,27.88,30,514,100.17,582
0x56b122b2,27.88,29,519,100.16,582
0x56b122b4,27.88,28,511,100.16,581
0x56b122b6,27.88,29,514,100.16,578
0x56b122b8,27.88,27,457,100.17,582
0x56b122b9,27.81,27,442,100.16,581
0x56b122bb,27.81,27,511,100.15,580
0x56b122bd,27.81,27,511,100.15,581
0x56b122bf,27.81,28,510,100.16,579
0x56b122c0,27.81,28,506,100.15,580
0x56b122c2,27.88,29,520,100.17,581
0x56b122c4,27.81,29,456,100.16,578
0x56b122c6,27.75,29,441,100.15,582
0x56b122c8,27.75,29,513,100.16,581
0x56b122c9,27.75,29,512,100.16,579
0x56b122cb,27.75,30,511,100.16,581
0x56b122cd,27.81,30,513,100.17,578
0x56b122cf,27.75,30,531,100.16,583
0x56b122d1,27.75,29,509,100.17,583
0x56b122d2,27.69,30,507,100.16,583
0x56b122d4,27.75,30,510,100.17,583
0x56b122d6,27.63,30,511,100.16,580
0x56b122d8,27.69,30,524,100.17,584
0x56b122d9,27.63,30,509,100.16,583
0x56b122db,27.69,31,511,100.17,581
0x56b122dd,27.63,27,502,100.16,581
0x56b122df,27.69,29,456,100.17,583
0x56b122e1,27.63,30,511,100.16,583
0x56b122e2,27.63,30,507,100.17,584
0x56b122e4,27.69,30,530,100.17,586
0x56b122e6,27.63,30,520,100.16,588
0x56b122e8,27.69,31,518,100.17,585
0x56b122e9,27.63,30,512,100.16,581
0x56b122eb,27.63,31,512,100.16,586
0x56b122ed,27.63,31,505,100.16,587
0x56b122ef,27.63,31,466,100.17,586
0x56b122f1,27.56,31,498,100.16,587
0x56b122f2,27.56,31,474,100.16,588
0x56b122f4,27.56,31,521,100.16,585
0x56b122f6,27.56,31,517,100.16,590
0x56b122f8,27.63,71,445,100.17,586
0x56b122f9,27.56,114,521,100.16,58
0x56b122fb,27.56,114,496,100.16,589
0x56b122fd,27.56,114,511,100.16,583
0x56b122ff,27.56,114,511,100.16,586
0x56b12301,27.56,116,516,100.17,587
0x56b12302,27.56,116,513,100.16,583
0x56b12304,27.56,116,514,100.16,587
0x56b12306,27.63,117,505,100.16,588
0x56b12308,27.56,117,435,100.16,587
0x56b1230a,27.63,117,511,100.17,585
0x56b1230c,27.56,117,513,100.16,588
0x56b1230e,27.63,118,518,100.17,585
0x56b1230f,27.56,118,507,100.17,585
0x56b12311,27.50,119,515,100.16,588
0x56b12313,27.50,120,440,100.16,587
0x56b12315,27.56,120,523,100.16,584
0x56b12316,27.56,121,527,100.17,584
0x56b12318,27.50,121,503,100.16,589
0x56b1231a,27.56,122,508,100.17,585
0x56b1231c,27.56,122,504,100.17,586
0x56b1231e,27.50,122,512,100.16,586
0x56b1231f,27.50,123,518,100.17,588
0x56b12321,27.50,124,519,100.16,586
0x56b12323,27.50,122,441,100.16,586
0x56b12325,27.50,124,510,100.16,588
0x56b12326,27.50,124,513,100.16,588
0x56b12328,27.50,124,519,100.16,588
0x56b1232a,27.44,125,490,100.16,585
0x56b1232c,27.50,125,424,100.16,584
0x56b1232e,27.50,126,512,100.16,584
0x56b1232f,27.44,125,510,100.16,588
0x56b12331,27.50,125,522,100.16,587
0x56b12333,27.50,124,510,100.16,589
0x56b12335,27.50,124,488,100.16,578
0x56b12336,27.44,125,509,100.16,585
0x56b12338,27.50,124,517,100.16,585
0x56b1233a,27.44,125,510,100.16,585
0x56b1233c,27.44,126,461,100.17,584
0x56b1233e,27.44,125,512,100.16,586
0x56b1233f,27.38,127,509,100.16,584
0x56b12341,27.38,126,517,100.16,584
0x56b12343,27.38,127,518,100.17,583
0x56b12347,27.44,126,517,100.17,585
0x56b12349,27.31,126,504,100.16,587
0x56b1234b,27.31,126,484,100.17,584
0x56b1234d,27.31,125,499,100.16,584
0x56b12350,27.31,125,509,100.17,589
0x56b12352,27.31,124,508,100.16,586
0x56b12354,27.38,125,498,100.17,588
0x56b12356,27.31,125,525,100.16,586
0x56b12358,27.31,126,512,100.16,584
0x56b1235a,27.31,127,509,100.17,587
0x56b1235c,27.31,126,509,100.17,588
0x56b1235d,27.25,126,493,100.16,584
0x56b1235f,27.25,127,510,100.16,586
0x56b12361,27.25,127,433,100.17,589
0x56b12363,27.25,127,500,100.17,587
0x56b12365,27.25,128,498,100.17,588
0x56b12367,27.31,128,504,100.18,586
0x56b12368,27.25,127,445,100.17,586
0x56b1236a,27.19,127,510,100.16,588
0x56b1236c,27.19,126,500,100.17,587
0x56b1236e,27.19,127,468,100.17,589
0x56b12370,27.13,125,453,100.17,587
0x56b12372,27.13,127,458,100.17,587
0x56b12373,27.13,127,522,100.17,587
0x56b12375,27.19,127,503,100.18,588
0x56b12377,27.13,127,450,100.17,589
0x56b12379,27.13,128,464,100.17,591
0x56b1237b,27.13,127,480,100.17,591
0x56b1237d,27.06,127,494,100.17,587
0x56b1237e,27.06,127,514,100.17,587
0x56b12380,27.06,128,519,100.17,587
0x56b12382,27.06,128,509,100.17,590
0x56b12384,27.00,127,540,100.17,588
0x56b12386,27.00,127,478,100.17,589
0x56b12387,27.00,126,473,100.17,591
0x56b12389,27.00,128,421,100.17,586
0x56b1238b,27.00,126,460,100.17,587
0x56b1238d,26.94,127,456,100.17,588
0x56b1238f,27.06,127,517,100.19,589
0x56b12391,26.94,127,459,100.17,591
0x56b12392,26.94,126,438,100.17,588
0x56b12394,26.88,127,493,100.17,587
0x56b12396,26.88,127,496,100.17,588
0x56b12398,26.88,127,512,100.17,590
0x56b1239a,26.88,127,510,100.17,590
0x56b1239c,26.88,127,517,100.18,593
0x56b1239d,26.81,127,514,100.17,593
0x56b1239f,26.75,127,521,100.17,591
0x56b123a1,26.81,127,509,100.18,594
0x56b123a3,26.69,126,472,100.15,590
0x56b123a5,26.75,127,517,100.18,591
0x56b123a7,26.69,127,517,100.17,591
0x56b123a8,26.69,127,516,100.17,591
0x56b123aa,26.75,127,506,100.17,591
0x56b123ac,26.75,127,438,100.17,588
0x56b123ae,26.75,127,516,100.17,593
0x56b123b0,26.69,127,492,100.16,594
0x56b123b2,26.63,128,507,100.15,591
0x56b123b3,26.75,128,437,100.17,592
0x56b123b5,26.69,128,470,100.17,588
0x56b123b7,26.69,128,491,100.16,591
0x56b123b9,26.69,128,460,100.17,592
0x56b123bb,26.69,128,504,100.17,592
0x56b123bd,26.69,128,436,100.17,592
0x56b123be,26.69,128,443,100.17,595
0x56b123c0,26.63,128,423,100.16,591
0x56b123c2,26.69,128,450,100.17,628
0x56b123c4,26.63,128,479,100.16,589
0x56b123c6,26.69,128,453,100.17,590
0x56b123c8,26.56,129,473,100.15,590
0x56b123ca,26.69,129,549,100.18,592
0x56b123cb,26.69,128,491,100.18,593
0x56b123cd,26.63,128,484,100.16,591
0x56b123cf,26.63,127,476,100.17,588
0x56b123d1,26.63,128,439,100.17,592
0x56b123d3,26.69,128,511,100.17,589
0x56b123d4,26.69,129,477,100.17,593
0x56b123d6,26.63,129,484,100.17,593
0x56b123d8,26.63,128,454,100.17,591
0x56b123da,26.56,128,437,100.16,589
0x56b123dc,26.63,128,432,100.17,593
0x56b123de,26.63,128,458,100.16,592
0x56b123df,26.69,129,510,100.18,590
0x56b123e1,26.63,128,512,100.17,589
0x56b123e3,26.63,129,509,100.17,590
0x56b123e5,26.63,130,436,100.16,593
0x56b123e7,26.63,129,496,100.17,592
0x56b123e9,26.63,129,515,100.17,589
0x56b123ea,26.63,128,463,100.16,590
0x56b123ec,26.63,129,504,100.16,594
0x56b123ee,26.63,129,522,100.17,589
0x56b123f0,26.63,129,483,100.17,591
0x56b123f2,26.63,129,514,100.17,591
0x56b123f3,26.69,129,506,100.18,591
0x56b123f5,26.63,130,510,100.17,590
0x56b123f7,26.63,129,509,100.17,593
0x56b123f9,26.63,130,475,100.17,591
0x56b123fb,26.63,130,470,100.17,590
0x56b123fc,26.63,130,450,100.16,588
0x56b123fe,26.56,129,510,100.16,591
0x56b12400,26.56,130,448,100.16,590
0x56b12402,26.56,130,468,100.16,591
0x56b12404,26.63,131,504,100.17,590
0x56b12406,26.63,130,501,100.18,586
0x56b12407,26.63,130,496,100.17,590
0x56b12409,26.56,131,503,100.17,587
0x56b1240b,26.56,131,495,100.18,590
0x56b1240d,26.56,130,509,100.17,591
0x56b1240f,26.56,130,433,100.17,587
0x56b12411,26.50,130,472,100.16,586
0x56b12412,26.44,129,514,100.15,586
0x56b12414,26.44,130,508,100.16,590
0x56b12416,26.50,129,483,100.17,588
0x56b12418,26.50,130,511,100.17,587
0x56b1241a,26.50,130,508,100.17,589
0x56b1241c,26.50,129,512,100.17,588
0x56b1241d,26.44,130,515,100.16,590
0x56b1241f,26.50,130,425,100.18,588
0x56b12421,26.44,129,497,100.16,588
0x56b12423,26.44,130,469,100.16,586
0x56b12425,26.44,130,506,100.16,592
0x56b12427,26.44,130,513,100.16,592
0x56b12429,26.50,130,457,100.17,588
0x56b1242a,26.50,130,508,100.18,590
0x56b1242c,26.50,129,521,100.17,591
0x56b1242e,26.44,131,514,100.16,592
0x56b12430,26.38,130,510,100.15,587
0x56b12432,26.50,130,510,100.17,588
0x56b12434,26.44,131,515,100.17,590
0x56b12436,26.44,129,513,100.17,586
0x56b12437,26.38,130,512,100.16,589
0x56b12439,26.50,130,516,100.18,577
0x56b1243b,26.31,130,513,100.15,585
0x56b1243d,26.44,130,510,100.17,584
0x56b1243f,26.44,130,514,100.17,585
0x56b12440,26.50,130,514,100.18,586
0x56b12442,26.50,130,511,100.19,585
0x56b12444,26.31,130,505,100.16,585
0x56b12446,26.38,130,513,100.18,588
0x56b12448,26.31,130,507,100.17,590
0x56b1244a,26.25,130,507,100.16,584
0x56b1244b,26.25,130,478,100.17,588
0x56b1244d,26.31,130,524,100.17,590
0x56b1244f,26.31,130,504,100.18,587
0x56b12451,26.19,130,492,100.15,588
0x56b12453,26.31,130,514,100.19,586
0x56b12455,26.13,129,528,100.16,588
0x56b12457,26.13,130,517,100.16,589
0x56b12458,26.19,130,481,100.17,588
0x56b1245a,26.13,130,482,100.17,587
0x56b1245c,26.19,130,454,100.19,584
0x56b1245e,26.13,129,511,100.17,587
0x56b12460,26.06,130,434,100.17,589
0x56b12461,26.06,130,520,100.18,586
0x56b12463,25.88,129,510,100.15,585
0x56b12465,25.88,127,513,100.15,588
0x56b12467,25.94,129,506,100.17,589
0x56b12469,25.88,129,438,100.16,589
0x56b1246b,25.88,129,525,100.16,592
0x56b1246c,25.81,130,511,100.15,593
0x56b1246e,25.88,130,511,100.17,589
0x56b12470,25.94,130,517,100.17,594
0x56b12472,25.88,129,510,100.17,592
0x56b12474,25.88,130,506,100.17,595
0x56b12475,25.75,130,508,100.14,590
0x56b12477,25.88,129,514,100.16,591
0x56b12479,25.81,130,511,100.15,590
0x56b1247b,25.88,129,505,100.17,590
0x56b1247d,25.81,129,515,100.16,593
0x56b1247f,25.81,129,510,100.15,595
0x56b12480,25.94,129,483,100.19,596
0x56b12482,25.81,130,509,100.17,593
0x56b12484,25.81,129,479,100.17,591
0x56b12486,25.81,127,510,100.16,595
0x56b12488,25.75,128,538,100.16,595
0x56b12489,25.75,129,509,100.15,593
0x56b1248b,25.75,130,541,100.15,596
0x56b1248d,25.75,130,505,100.16,591
0x56b1248f,25.81,130,509,100.17,591
0x56b12491,25.75,130,514,100.15,591
0x56b12492,25.75,130,512,100.17,591
0x56b12494,25.69,130,513,100.15,591
0x56b12496,25.63,130,512,100.14,595
0x56b12498,25.69,129,500,100.16,593
0x56b1249a,25.69,129,507,100.15,592
0x56b1249c,25.63,129,491,100.15,588
0x56b1249e,25.69,130,520,100.16,591
0x56b124a0,25.69,130,502,100.17,590
0x56b124a1,25.69,130,508,100.17,592
0x56b124a3,25.50,130,507,100.13,594
0x56b124a5,25.56,130,499,100.14,592
0x56b124a7,25.56,129,510,100.15,590
0x56b124a9,25.56,129,519,100.14,593
0x56b124ab,25.63,130,470,100.17,590
0x56b124ac,25.63,129,505,100.16,592
0x56b124ae,25.50,129,506,100.14,591
0x56b124b0,25.56,130,500,100.15,598
0x56b124b2,25.63,130,510,100.16,595
0x56b124b4,25.50,130,513,100.13,593
0x56b124b6,25.56,129,513,100.15,596
0x56b124b7,25.56,129,505,100.15,595
0x56b124b9,25.69,130,514,100.17,592
0x56b124bb,25.56,129,517,100.14,590
0x56b124bd,25.69,129,519,100.17,594
0x56b124bf,25.56,130,530,100.15,590
0x56b124c1,25.63,129,497,100.16,593
0x56b124c2,25.63,129,524,100.16,594
0x56b124c4,25.63,129,516,100.17,593
0x56b124c6,25.69,129,504,100.17,591
0x56b124c8,25.56,129,509,100.15,594
0x56b124ca,25.50,129,548,100.14,592
0x56b124cc,25.56,129,518,100.16,589
0x56b124ce,25.56,129,521,100.16,590
0x56b124d0,25.50,130,522,100.15,592
0x56b12584
0x56b12638
0x56b126ed
0x56b127a1
0x56b12855
0x56b1290a
